:020000040000FA
:100000000C943B090C94A1290C9476290C944B294F
:100010000C9420290C94F5280C94CA280C949F2841
:100020000C9474280C946C090C946C090C946C0955
:100030000C946C090C946C090C946C090C946C096C
:100040000C946C090C946C090C946C090C946C095C
:100050000C946C090C946C090C946C090C942A286F
:100060000C946C090C94F6290C94CC290C946C0912
:100070000C946C090C946C090C946C090C946C092C
:100080000C946C090C946C090C946C090C946C091C
:100090000C946C090C946C090C946C090C942C2A2B
:1000A0000C946C090C946C090C946C090C946C09FC
:1000B0000C946C090C946C090C946C090C946C09EC
:1000C0000C946C090C946C090C946C090C946C09DC
:1000D0000C946C090C946C090C946C090C946C09CC
:1000E0000C946C0907634236B79BD8A71A39685637
:1000F00018AEBAAB558C1D3CB7CC5763BD6DEDFD4A
:10010000753EF6177231BF000000803F0800000006
:10011000BE922449123EABAAAA2ABECDCCCC4C3EFC
:1001200000000080BEABAAAAAA3E00000000BF00EB
:100130000000803F0000000000084178D3BB4387E7
:10014000D1133D190E3CC3BD4282AD2B3E68EC82FB
:1001500076BED98FE1A93E4C80EFFFBE01C4FF7F80
:100160003F00000000000C94960B0C94FD0A0C94C8
:10017000AF160C94F5090C94F9090C946B250C94AA
:10018000611B0C94631B0C94CF090C9495090C947F
:100190001B0C0C94F4240C947D200C9468160C9485
:1001A0000F120C94571B0C94032C0C94EE1A0C9405
:1001B000740B0C94880B0C94C41A0C945E190C9458
:1001C000C9090C94FB0A0C94D6130C9482400C942D
:1001D0006E120C94E7090C94E1090C9452190C94DA
:1001E000381B0C9423250C94BA130C94F4090C942A
:1001F000811A0C94CA130C94960D0C9417490C9404
:10020000DD090C94030F0C94380B0C94EB090C943F
:10021000EF090C94FC0A0C9462170C943F1A0C948E
:10022000EC0D0C94B80D0C94E2130C94D9090C94B9
:10023000A50D0C94650B0C94E6120C94C6090C9455
:10024000D61A0C945B1A0C9403130C94CE0B0C94DA
:10025000671B0C9468190C94C2090C94D41A0C9462
:10026000BA090C94CE1A0C945C140C94B4090C9436
:10027000BF0D0C94FE0A0C94141B0C94A51A0C943C
:1002800058190C94D21A0C941F160C94691B0C94D8
:10029000BE090C94D01A0C94D3090C94651B0C94D1
:1002A0003D1100407A10F35A00A0724E1809001058
:1002B000A5D4E80000E87648170000E40B540200DB
:1002C00000CA9A3B000000E1F50500008096980006
:1002D000000040420F000000A0860100000010272F
:1002E00000000000E80300000000640000000000BF
:1002F0000A00000000000100000000002C76D888F1
:10030000DC674F0823DFC1DFAE59E1B1B796E5E303
:10031000E453C63AE651997696E8E6C28426EB891C
:100320008C9B62ED407C6FFCEFBC9C9F40F2BAA5B9
:100330006FA5F490055A2AF75C936B6CF9676DC151
:100340001BFCE0E40D47FEF520E6B500D0ED902E55
:100350000300943577050080841E080000204E0AB3
:10036000000000C80C333333330F986E12831141F1
:10037000EF8D2114893BE65516CFFEE6DB18D184BC
:100380004B381BF77C1D901DA4BBE42420328472E3
:100390005E228100C9F124ECA1E53D276364696E0A
:1003A0006F70737578585B00000103070F1F3F7F64
:1003B0000080C0E0F0F8FCFE00000000003E5B4F53
:1003C0005B3E3E6B4F6B3E1C3E7C3E1C183C7E3CB5
:1003D000181C577D571C1C5E7F5E1C00183C1800C3
:1003E000FFE7C3E7FF0018241800FFE7DBE7FF3053
:1003F000483A060E2629792926407F050507407FC1
:1004000005253F5A3CE73C5A7F3E1C1C08081C1C33
:100410003E7F14227F22145F5F005F5F06097F0129
:100420007F006689956A606060606094A2FFA29414
:1004300008047E040810207E201008082A1C0808E2
:100440001C2A08081E101010100C1E0C1E0C303830
:100450003E3830060E3E0E06000000000000005F31
:1004600000000007000700147F147F14242A7F2A4D
:10047000122313086462364956205000080703000F
:10048000001C2241000041221C002A1C7F1C2A085B
:10049000083E0808008070300008080808080000BE
:1004A00060600020100804023E5149453E00427F32
:1004B000400072494949462141494D331814127F81
:1004C0001027454545393C4A494931412111090721
:1004D0003649494936464949291E000014000000A2
:1004E0004034000000081422411414141414004174
:1004F00022140802015909063E415D594E7C121131
:10050000127C7F494949363E414141227F41414168
:100510003E7F494949417F090909013E41415173E3
:100520007F0808087F00417F41002040413F017F54
:10053000081422417F404040407F021C027F7F041C
:1005400008107F3E4141413E7F090909063E415165
:10055000215E7F09192946264949493203017F0155
:10056000033F4040403F1F2040201F3F4038403F56
:10057000631408146303047804036159494D43006C
:100580007F4141410204081020004141417F0402A3
:10059000010204404040404000030708002054543A
:1005A00078407F2844443838444444283844442818
:1005B0007F385454541800087E090218A4A49C786B
:1005C0007F0804047800447D40002040403D007FC7
:1005D0001028440000417F40007C047804787C08A7
:1005E0000404783844444438FC182424181824247B
:1005F00018FC7C08040408485454542404043F4460
:10060000243C4040207C1C2040201C3C4030403C8E
:1006100044281028444C9090907C4464544C4400EE
:100620000836410000007700000041360800020152
:100630000204023C2623263C1EA1A161123A40403E
:10064000207A3854545559215555794122545478BB
:1006500042215554784020545579400C1E52721254
:1006600039555555593954545459395554545800DD
:1006700000457C410002457D420001457C407D12E1
:1006800011127DF0282528F07C5455450020545443
:100690007C547C0A097F4932494949323A444444EE
:1006A0003A324A4848303A4141217A3A4240207829
:1006B000009DA0A07D3D4242423D3D4040403D3C2A
:1006C00024FF2424487E4943662B2FFC2F2BFF094F
:1006D00029F620C0887E0903205454794100004443
:1006E0007D413048484A32384040227A007A0A0A2E
:1006F000727D0D19317D2629292F282629292926A1
:1007000030484D4020380808080808080808382FE5
:1007100010C8ACBA2F102834FA00007B000008146F
:100720002A142222142A14085500550055AA55AA45
:1007300055AAFF55FF55FF000000FF00101010FFE5
:1007400000141414FF001010FF00FF1010F010F040
:10075000141414FC001414F700FF0000FF00FF1431
:1007600014F404FC141417101F10101F101F14147D
:10077000141F00101010F0000000001F10101010C7
:100780001F10101010F010000000FF1010101010BB
:1007900010101010FF10000000FF140000FF00FFF9
:1007A00000001F10170000FC04F414141710171495
:1007B00014F404F40000FF00F714141414141414B7
:1007C000F700F7141414171410101F101F1414142A
:1007D000F4141010F010F000001F101F0000001F94
:1007E00014000000FC140000F010F01010FF10FFC7
:1007F000141414FF141010101F00000000F010FF5C
:10080000FFFFFFFFF0F0F0F0F0FFFFFF000000003F
:1008100000FFFF0F0F0F0F0F3844443844FC4A4AC3
:100820004A347E02020606027E027E026355494178
:10083000633844443C04407E201E2006027E0202AF
:1008400099A5E7A5991C2A492A1C4C7201724C30C3
:100850004A4D4D303048784830BC625A463D3E499A
:100860004949007E0101017E2A2A2A2A2A44445F3E
:10087000444440514A444040444A51400000FF0132
:1008800003E080FF000008086B6B08361236243640
:10089000060F090F060000181800000010100030A5
:1008A00040FF0101001F01011E00191D1712003C2D
:1008B0003C3C3C0000000000DB40A4A62EAF200022
:1008C000A1C8D300408DAED580A800006000000014
:1008D0000000000000000000000000E00000000038
:1008E00000000000000000000001E0000000000027
:1008F000000000000000000001F000000000000007
:100900000000000000000003F000000000000000F4
:1009100000000000000007F00000000000000000E0
:10092000000000000007F8000000000000000000C8
:10093000000000000FF800000003C0007E0000016E
:10094000E0007F0FF800000003C000FE000001E09F
:1009500000FFEFF800000003C000FE000001E0000F
:10096000FFFFF800000003C000F00000000F007F50
:10097000FE7FC0000003C000F00000000F003FFE3B
:100980007FF83FF1FBCFFCFEF3BC3DEFE01FFE7FA5
:10099000FF7FFBFFDFFEFEFFBC3DEFE01FC6FFFF5A
:1009A0007FFBFFDFFEFEFFBC3DEFE00FE3C7FE78FD
:1009B0007BC3DE1EF0FFBC3DEF0007FF87FC787BAA
:1009C000C3DE1EF0F83C3DEF0001FFFFF0007BC3EB
:1009D000C01EF0F03C3DEF0001F37FE03FFBC3CFD2
:1009E000FEF0F03C3DEF0003E33F807FFBC3DFFE02
:1009F000F0F03C3DEF0007E73C00787BC3DE1EF0E3
:100A0000F03C3DEF0007FFBE00787BC3DE1EF0F038
:100A10003C3DEF0007FFFE00787BC3DE1EF0F03C9C
:100A20003DEF000FFFFE007FFBFFDFFEF0F03FFD1C
:100A3000EFE00FFFFF007FFBFFDFFEF0F03FFDEF79
:100A4000E00FF9FF003E79F9CF9EF0F01F3DE7E09F
:100A50001FF1FF0000000000000000000000001F68
:100A600080FF007FFFFFFFFFFFFFFFFFFFE01C0095
:100A70007F007FFFFFFFFEB46D888D18E000001F30
:100A8000007FFFFFFFFE95AD7DB577E000000F0012
:100A90007FFFFFFFFEA5AD9D8D19E0000006007FE2
:100AA000FFFFFFFEB5ADEDB57EE0000000000001E8
:100AB0008000000000000000000003800000000033
:100AC000000000000007C00000000000000000005F
:100AD00007C00000000000000000000FC000000080
:100AE0000000000000001FE0000000000000000007
:100AF000001FE00000000000000000003FE00000D8
:100B0000000000000000003FF000000000000000B6
:100B100000007FF0000000000000001FF87FF000E0
:100B20000000000000003FFE7FF000000000000019
:100B3000003FFF7FF0000000000000001FFFFBE00F
:100B4000000000000000000FFFF9FFC000000000DF
:100B500000000FFFF9FFF800000000000007FFF1A0
:100B6000FFFF00000000000003FC73FFFF80000097
:100B700000000001FE3FFFFF80000000000000FFBA
:100B80001E0FFF000000000000007FFE1FFC0000A1
:100B900000000000003FFFFFF80000000000000020
:100BA0000FDFFFE0000000000000001F19FFC00081
:100BB0000000000000003F3CFF00000000000000BB
:100BC000007E7CF800000000000000007FFE7C003A
:100BD00000000000000000FFFFFC0000000000001B
:100BE0000000FFFFFE0000000000000000FFFFFE0D
:100BF0000000000000000001FFEFFE000000000008
:100C0000000001FFCFFE0000000000000003FF070E
:100C1000FE0000000000000003FC07FE00000000D2
:100C200000000003F003FE0000000000000001804F
:100C300000FE000000000000000000007E00000038
:100C4000000000000000003E000000000000000066
:100C500000000C000000000000078000FC00000302
:100C6000C0000000078001FC000003C00000000776
:100C70008001FC000003C0000000078001E00000CC
:100C8000001E000000078001E00000001E007FE35E
:100C9000F79FF9FDE7787BDFC0FFF7FFBFFDFDFFA2
:100CA000787BDFC0FFF7FFBFFDFDFF787BDFC0F083
:100CB000F787BC3DE1FF787BDE00F0F787BC3DE1C4
:100CC000F0787BDE0000F787803DE1E0787BDE0096
:100CD0007FF7879FFDE1E0787BDE00FFF787BFFDB0
:100CE000E1E0787BDE00F0F787BC3DE1E0787BDE79
:100CF00000F0F787BC3DE1E0787BDE00F0F787BCD1
:100D00003DE1E0787BDE00FFF7FFBFFDE1E07FFB28
:100D1000DFC0FFF7FFBFFDE1E07FFBDFC07CF3F347
:100D20009F3DE1E03E7BCFC00000000000000000DE
:100D3000000000FFFFFFFFFFFFFFFFFFFFC0FFFFFF
:100D4000FFFFFD68DB111A31C0FFFFFFFFFD2B5ACB
:100D5000FB6AEFC0FFFFFFFFFD4B5B3B1A33C0FF99
:100D6000FFFFFFFD6B5BDB6AFDC0000000000000C1
:100D70000000000000000000000000000000000073
:100D80000000000000000000000000000000000063
:100D900001800000000007E00000000007E0000004
:100DA00000000FF0000000000E70000000001C3872
:100DB000000000003C3C00000000381C0000000067
:100DC000781E00000000700E00000000F00F000010
:100DD0000000E3C700000001C3C380000003C3C3D9
:100DE000C000000383C1C000000783C1E00000070A
:100DF00003C0E000000E03C0F000000E03C070004E
:100E0000001C03C03800003C03C03C00003803C095
:100E10001C00007803C01E00007003C00E0000E03C
:100E200003C0070001E003C0078001C003C00380C6
:100E300003C0018003C00380000001C007800000E0
:100E400001E00700018000E00E0003C000701E00FA
:100E500003C000781C00018000383C000000003C0A
:100E600038000000001C38000000001C3FFFFFFF9E
:100E7000FFFC1FFFFFFFFFF801FFFFFFFF800000E7
:100E800000000000000000000000504F57455220B5
:100E9000535550504C59003132205644430057416D
:100EA000524E494E470073657475700020746F2070
:100EB000656E746572004D4F444500486F6C642048
:100EC000007665722E3A20004669726D7761726510
:100ED0000048696E743A00496E70757420766F6CC4
:100EE00074616765203D20004669726D77617265A7
:100EF00020762E3A0044445320414439393134207D
:100F000048573A2076332E782041726475696E6FA7
:100F100020536869656C642062792047524120261D
:100F200020414643482E20286772612D6166636820
:100F30002E636F6D2900556E6B6E6F776E20636F39
:100F40006D6D616E643A0046202D20536574204615
:100F500072657175656E637920696E20487A202804
:100F6000313030303030202D204444535F436F7295
:100F7000655F436C6F636B2F32290A50202D20531D
:100F80006574204F757470757420506F776572208A
:100F9000696E2064426D20282D3638202D2030299E
:100FA0000A4D202D20476574204D6F64656C0A56EC
:100FB000202D20476574204669726D776172652027
:100FC00056657273696F6E0A45202D20456E616209
:100FD0006C65204F75747075740A44202D20446927
:100FE0007361626C65204F75747075740A68202D8A
:100FF00020546869732048656C700A3B202D20439B
:101000006F6D6D616E647320536570617261746F92
:10101000720A4578616D706C653A0A46313030303D
:1010200030303B502D320A5365742046726571751D
:10103000656E637920746F20313030206B487A2CD4
:1010400020616E64204F757470757420506F7765E1
:101050007220746F202D322064426D2E0A416E7909
:10106000206E756D626572206F6620636F6D6D61B5
:101070006E647320696E20616E79206F7264657290
:1010800020697320616C6C6F7765642E0044445353
:10109000393931342F352076322E32004F75747045
:1010A000757420456E61626C6564004F757470756F
:1010B000742044697361626C6564005365742050E8
:1010C0006F7765722E3A20005365742066726571E1
:1010D0002E3A200045584954005341564500204DB2
:1010E000487A003A00436F726520436C6F636B006F
:1010F000204D487A003A00436C6F636B204672655E
:1011000071003A00436C6F636B2053726300534568
:101110005455500047524126414643480064426DB1
:101120000020002D00416D706C69747564653A0093
:101130004300204F464600467265712E2C20487AA7
:101140003A004444532041443939313400000021ED
:1011500000240027002A002D003000330001010088
:1011600000040107010A0100002200250028002BCD
:10117000002E003100340002010000050108010BBF
:101180000100000A0B02090C0D0E08070304010000
:10119000000000000000000000000000000000004F
:1011A000000000000000000000000000001211100C
:1011B000000000000000000000000000000000002F
:1011C000000000000000002200FF2101021020208A
:1011D000080810204010204080020102010804028B
:1011E0000101020408102040808040201008040201
:1011F000018004020180402010080402010804025A
:10120000010102040810204080010204081020405F
:1012100080000020002300260029002C002F00322F
:10122000000001000003010601090105050505078D
:101230000508080808020202020A0A080804040451
:10124000040101010101010101030303030303037D
:1012500003040707070C0C0C0C0C0C0C0C0202020C
:101260000206060606060606060B0B0B0B0B0B0BFF
:101270000B00032C824011241FBECFEFD1E2DEBF52
:10128000CDBF00E00CBF14E0A0E0B2E0EEE2FFE969
:1012900000E00BBF02C007900D92A038B107D9F74C
:1012A00027E0A0E8B4E001C01D92A93DB207E1F734
:1012B00019E0CAE3D9E000E006C021970109802FB8
:1012C000FE010E94A248C933D10780E00807A9F7B0
:1012D0000E94322F0C94854F0C940000CF93DF9323
:1012E000EC01E0917E02F0917F02EE0FFF1FEE0F06
:1012F000FF1FE858FD4F258536854785508960E8F2
:101300007CE781E89AE40E94CD442F3F310519F033
:1013100010F02FEF30E02A30310510F42AE030E0F1
:1013200039832883DF91CF910895089581508231C8
:1013300008F05AC0E82FF0E08827EE55F64F8F4F9F
:101340000C94A248C209C609B409BA09BE09F40935
:10135000C909CF09D309D909DD09E109E709EB0971
:10136000F409EF09F509F909809180008F778093DE
:1013700080000895809180008F7DF9CF809180005A
:10138000877FF5CF84B58F7784BD089584B58F7D31
:10139000FBCF8091B0008F778093B000089580914B
:1013A000B0008F7DF9CF809190008F77809390006F
:1013B0000895809190008F7DF9CF80919000877F74
:1013C000F5CF8091A0008F778093A0000895809141
:1013D000A0008F7DF9CF8091A000877FF5CF80910D
:1013E00020018F77809320010895809120018F7DC7
:1013F000F9CF80912001877FF5CF1F93CF93DF93A3
:10140000282F30E0F901EF57FE4E8491F901E553A2
:10141000FE4ED491F901E55DFD4EC491CC23A9F0B7
:10142000162F81110E949609EC2FF0E0EE0FFF1F9E
:10143000E959FE4EA591B4918FB7F894EC91111132
:1014400008C0D095DE23DC938FBFDF91CF911F9131
:101450000895DE2BF8CFCF93DF9390E0FC01E553A6
:10146000FE4E2491855D9D4EFC0184918823C9F038
:1014700090E0880F991FFC01E35BFE4EA591B491AB
:10148000FC01E959FE4EC591D49161110DC09FB781
:10149000F8948C91209582238C938881282328832B
:1014A0009FBFDF91CF910895623051F49FB7F894B8
:1014B0003C91822F809583238C93E8812E2BEFCF54
:1014C0008FB7F894EC912E2B2C938FBFEACF90918D
:1014D0007B00977F90937B0020915D0290E4299F91
:1014E000900111248653822B80937C0080917A0096
:1014F000806480937A0080917A0086FDFCCF809191
:1015000078009091790008953FB7F894809176051E
:1015100090917705A0917805B091790526B5A89BA3
:1015200005C02F3F19F00196A11DB11D3FBFBA2F75
:10153000A92F982F8827BC01CD01620F711D811D35
:10154000911D42E0660F771F881F991F4A95D1F7BA
:1015500008958F929F92AF92BF92CF92DF92EF92B7
:10156000FF924B015C010E94840A6B017C010E9486
:10157000840A6C197D098E099F09683E73408105B4
:101580009105A8F321E0821A9108A108B10888EE1C
:10159000C80E83E0D81EE11CF11C81149104A10443
:1015A000B10429F7FF90EF90DF90CF90BF90AF90FC
:1015B0009F908F900895CF93DF93CFEED6E061E0B8
:1015C0008A810E94FD0961E070E080E090E00E9465
:1015D000A90A60E08A81DF91CF910C94FD092FB7B1
:1015E000F8946091720570917305809174059091E3
:1015F00075052FBF08950895089508950895DC0195
:10160000ED91FC910190F081E02D1994DB0114968D
:101610004D915C9115976D917C91DC01ED91FC9160
:101620000280F381E02D1994EF92FF920F931F93A4
:10163000CF93DF938C017B01D0E0C0E0F701EC0F8A
:10164000FD1F6491662361F0D801ED91FC9101903A
:10165000F081E02DC8011995892B11F02196EECF6C
:10166000CE01DF91CF911F910F91FF90EF900895E0
:10167000AF92BF92CF92DF92EF92FF920F931F93A0
:10168000CF93DF936C017B018B01040F151FEB01DE
:101690005E01AE18BF08C017D10759F06991D60195
:1016A000ED91FC910190F081E02DC6011995892BF7
:1016B00079F7C501DF91CF911F910F91FF90EF90C6
:1016C000DF90CF90BF90AF900895FC01538D448D73
:1016D000252F30E0842F90E0821B930B541710F0DD
:1016E000CF96089501970895FC01918D828D9817EA
:1016F00061F0A28DAE0FBF2FB11D5D968C91928DC2
:101700009F5F9F73928F90E008958FEF9FEF0895F2
:10171000FC01918D828D981731F0828DE80FF11DBB
:10172000858D90E008958FEF9FEF0895FC01918DD6
:10173000228D892F90E0805C9F4F821B91098F73CF
:10174000992708958EE795E00E94960B21E0892B5A
:1017500009F420E0822F0895FC01A48DA80FB92F71
:10176000B11DA35ABF4F2C91848D90E001968F73C9
:101770009927848FA689B7892C93A089B1898C91E8
:10178000837080648C93938D848D981306C0028837
:10179000F389E02D80818F7D80830895EF92FF9201
:1017A0000F931F93CF93DF93EC0181E0888F9B8D84
:1017B0008C8D98131AC0E889F989808185FF15C03E
:1017C0009FB7F894EE89FF896083E889F989808161
:1017D0008370806480839FBF81E090E0DF91CF9130
:1017E0001F910F91FF90EF900895F62E0B8D10E052
:1017F0000F5F1F4F0F731127E02E8C8D8E110CC0C1
:101800000FB607FCFACFE889F989808185FFF5CF0B
:10181000CE010E94AC0BF1CFEB8DEC0FFD2FF11D33
:10182000E35AFF4FF0829FB7F8940B8FEA89FB8948
:1018300080818062CFCFCF93DF93EC01888D8823A6
:10184000B9F0AA89BB89E889F9898C9185FD03C023
:10185000808186FD0DC00FB607FCF7CF8C9185FF08
:10186000F2CF808185FFEDCFCE010E94AC0BE9CF96
:10187000DF91CF91089580E090E0892B29F00E94BC
:10188000A20B81110E94000080E090E0892B49F0BA
:1018900080E090E0892B29F00E94000081110E94D5
:1018A000000080E090E0892B49F080E090E0892BF7
:1018B00029F00E94000081110E94000080E090E069
:1018C000892B49F080E090E0892B29F00E940000EC
:1018D00081110C9400000895CF92DF92EF92FF9255
:1018E0000F931F93CF93DF93EC010E94EF0A6B01DC
:1018F0007C012F8530E0F901EF57FE4E8491F9010C
:10190000E553FE4E1491F901E55DFD4E049100236F
:1019100009F45EC081110E949609E02FF0E0EE0FFD
:10192000FF1FEF5EFD4EA591B491EC911E2331E0B7
:1019300020E009F430E0832F922F282F2170298B8B
:101940002889211104C021E082278170898B89892F
:101950009A89891721F0CD8ADE8AEF8AF88E4D891F
:101960005E896F89788DC41AD50AE60AF70A4B8119
:101970005C816D817E814C155D056E057F0564F48B
:101980009A81891749F08A83882349F02B893C89F9
:101990002F5F3F4F3C8B2B8B9A8191111CC04F8145
:1019A000588569857A854C155D056E057F0534F48B
:1019B0002B893C89398328831C8A1B8A8A8BDF9177
:1019C000CF911F910F91FF90EF90DF90CF900895EE
:1019D00090E080E0B2CF4B855C856D857E854C15AF
:1019E0005D056E057F0554F72B893C89319521955E
:1019F0003109E0CFCF93CFB7F89480913E058111A4
:101A000027C0E0E6F2E18491E0E0F2E19491E82F72
:101A1000F0E0EE0FFF1FE35BFE4EA591B491EC9159
:101A2000E92321F461E085E30E94FD0961E085E39B
:101A30000E942B0A8CB580618CBD8CB580648CBDF6
:101A400061E084E30E942B0A61E083E30E942B0A99
:101A500080913E058F5F80933E05CFBFCF91089563
:101A60002091F404260F3327331F21323105ECF483
:101A700020911805FC0190E080E0243069F082E0BC
:101A80000895A091F4042191AC014C525B4FA40F36
:101A9000B52FB11D2C930196861798F38091F4040D
:101AA000680F6093F40480E0089581E00895109237
:101AB000180581E080931A051092190561E084E110
:101AC0000E94FD0961E085E10E94FD09E9EBF0E07B
:101AD00080818E7F808380818D7F808388E4809366
:101AE000B80085E48093BC000895CF93DF9391E024
:101AF0009093D3048823B9F0C091B800D091BA0074
:101B00008091BC008A7B8093BC0060E084E10E94ED
:101B1000FD0960E085E10E94FD090E94570DD09308
:101B2000BA00C093B800DF91CF910895E0914405C9
:101B300080914305E81730F4F0E0E255FB4F8081D7
:101B400090E008958FEF9FEF089590914405809164
:101B500043052FEF3FEF981748F4E92FF0E0E255E7
:101B6000FB4F208130E09F5F90934405C9010895A9
:101B70008091430590914405891B990B0895CF925C
:101B8000DF92EF92FF920F931F93CF93DF937C012D
:101B9000CB018A0120917D05222389F0EB016B01A5
:101BA000C40ED51ECC15DD0569F06991D701ED9104
:101BB000FC910190F081E02DC7011995F3CF642FBE
:101BC0000E94300DC801DF91CF911F910F91FF90BE
:101BD000EF90DF90CF900895CF93DF931F92CDB712
:101BE000DEB7698320917D052223F9F020917A05E3
:101BF000203258F021E030E0FC013383228390E072
:101C000080E00F90DF91CF91089580917B05E82FC0
:101C1000F0E0E257FB4F998190838F5F80937B05C3
:101C200080937A0581E090E0ECCF61E0CE010196EF
:101C30000E94300DF7CFCF92DF92EF92FF920F9379
:101C40001F93CF93DF93D0917A0581E0D13208F0D2
:101C50009CC0C0917C050E94840A6B017C0180912C
:101C6000180581116CC082E08093180581E0809393
:101C70001A058FEF8093170510923C05D0933B0512
:101C8000AEE8B4E0EBE1F5E080E0D8138DC010924F
:101C90003D0580913D05CC0FC82BC0933D0580913B
:101CA0001905813009F084C0109219050E94840A38
:101CB0006B017C0180913D058093BB008091CF0436
:101CC0009091D004A091D104B091D204892B8A2B99
:101CD0008B2BA1F00E94840A0091CF041091D004B4
:101CE0002091D1043091D2046C197D098E099F098D
:101CF000061717072807390708F442C08091BC006F
:101D000083FDD8CF85EC8093BC000E94840A6B01D0
:101D10007C0180911805823009F44CC08091170530
:101D20008F3F09F469C080911705803209F466C0BD
:101D300080911705803309F463C084E026C0809148
:101D4000CF049091D004A091D104B091D204892BFA
:101D50008A2B8B2B09F483CF0E94840A0091CF0435
:101D60001091D0042091D1043091D2046C197D09D6
:101D70008E099F09061717072807390708F06FCF44
:101D80008091CE040E94750D85E010927B05109223
:101D90007A0510927D05DF91CF911F910F91FF90F1
:101DA000EF90DF90CF9008959D9191938F5F6DCFCD
:101DB00085EEA9CF8091CF049091D004A091D10459
:101DC000B091D204892B8A2B8B2B09F4A2CF0E94CD
:101DD000840A0091CF041091D0042091D104309155
:101DE000D2046C197D098E099F0906171707280769
:101DF000390708F08ECFC4CF80E0C7CF82E0C5CFCF
:101E000083E0C3CF0895FC016370668B8481958164
:101E100026813781613039F0633029F091878087DE
:101E20003387228708953187208793878287089593
:101E30002F923F924F925F926F927F928F929F92DA
:101E4000AF92BF92CF92DF92EF92FF920F931F93C8
:101E5000CF93DF93CDB7DEB76A970FB6F894DEBFA6
:101E60000FBECDBF9A8F898F7A8369834A01D22EA4
:101E700018870F833701BC2CDC0159962D913C91BA
:101E80005A972115310509F015C118968D919C912D
:101E90001997681779070CF0D7C11A968D919C9104
:101EA000481759070CF0D0C14C2C512CB6E0CB9EF2
:101EB000600D711D11247C876B87161617060CF0B8
:101EC000C3C1EA2DF0E0FA87E98793E0EE0FFF1F28
:101ED0009A95E1F7F88BEF87CF01840F951F1816BD
:101EE00019060CF0B1C1A98DBA8D58968C9181114B
:101EF00004C0BFEABD1508F4D394A98DBA8DED9145
:101F0000FC9111970284F385E02DCD011995B5E080
:101F1000DB9EC0011124E981FA81FC83EB83312C23
:101F2000212C9C0128543C4F388F2F8B4A2D50E098
:101F30005E8B4D8BEF89F88DE20DF31D44919E82EF
:101F40008D82D12CC12C69817A81620D731D7A8BAF
:101F5000698B842F90E09C8B8B8BE98DFA8DA0810F
:101F6000B18140FF82C0F1E0BF126FC0AF126DC0FF
:101F70001C96ED91FC912F813885A4014C0D5D1DBF
:101F800069897A89898D9A8D1995EB89FC89F595EE
:101F9000E7954E2F5FEFC51AD50A6D817E818D8939
:101FA0009E89680F791F7E836D8398E0C916D104DE
:101FB00081F6AFEF2A1A3A0AEB81FC81E40DF51D98
:101FC000FC83EB83F5E02F16310409F0B3CF2F81AA
:101FD000388526153705B9F0A98DBA8DED91FC919C
:101FE000B1E0BB1257C0AB1255C069817A816B5FFB
:101FF0007F4F0088F189E02D830128E030E0A401C3
:10200000898D9A8D1995A98DBA8DED91FC911197B5
:102010000688F789E02DCD016A960FB6F894DEBFE9
:102020000FBECDBFDF91CF911F910F91FF90EF9029
:10203000DF90CF90BF90AF909F908F907F906F90E8
:102040005F904F903F902F9019941E96ED91FC91C8
:10205000EF80F88409851A8592014D815E816B813C
:102060007C81898D9A8D199590CF2F813885261581
:10207000370509F48ACF31E0B31207C0A31205C0B7
:102080001C96ED91FC91930178CF1E96ED91FC91F9
:102090007301E0CF6B857C85641975090684F7852B
:1020A000E02D73010F8518899201A401898D9A8D05
:1020B0001995A9CFF901349694913297459154918D
:1020C000D91AB7E0DB9E400D511D1124F90125916D
:1020D00034913C8B2B8BFA0125903490FA01329687
:1020E000749031963491398B329664903196449045
:1020F00041E04C1518F04A1508F07FC0662D062CFB
:10210000000C770B7C836B83842D042C000C990BC3
:102110009E838D83A98DBA8DED91FC9111970284D8
:10212000F385E02DCD011995512CD12CC12CEA2D30
:10213000F0E0FA87E9872B2D30E03C872B87A4015C
:10214000440D511D47FC5A95588F4F8B69817A81F8
:10215000660D711D67FC7A957E876D877989C71634
:1021600008F051CF2C2D30E04D815E81420F531F7E
:10217000A985BA854A9FC0014B9F900D5A9F900D2B
:102180001124FC01E80DF91DF88BEF87852D612CDA
:102190004F89588D420F531F5E8B4D8B671408F08B
:1021A00050C044244394480E877041F4C101019605
:1021B000EB89FC89E20DF31DD4901C01D7FE19C0F8
:1021C000A98DBA8DED91FC91662D70E0B1E0BB1246
:1021D00019C0AB1217C02D853E85620F731F048492
:1021E000F585E02D2F8138854D895E89898D9A8D01
:1021F0001995DD0C6394842DD1CF1E821D821C8223
:102200001B8288CF4B815C81640F751FAB85BC85B9
:102210006A9FC0016B9F900D7A9F900D1124698178
:102220007A81680F791F0684F785E02DEF80F884A6
:1022300009851A859D014F855889898D9A8D199533
:10224000D8CF570CC3948ACF6A960FB6F894DEBFE6
:102250000FBECDBFDF91CF911F910F91FF90EF90F7
:10226000DF90CF90BF90AF909F908F907F906F90B6
:102270005F904F903F902F9008958F929F92AF92D2
:10228000CF92EF92FF920F931F93CF93DF93EC01C6
:10229000262F898D9A8D009709F051C06A30D1F4AC
:1022A0001D861C868D8948E0849F900111248E85AF
:1022B0009F85820F931F9F878E8781E090E0DF913B
:1022C000CF911F910F91FF90EF90CF90AF909F9083
:1022D0008F9008956D3089F3CC88AD888F898823DD
:1022E000C1F08C859D8536E0C39E800D911D112423
:1022F000488559854817590764F44E855F851D86C2
:102300001C8638E0A39EC0011124840F951F9F876F
:102310008E87EA88FB88088919894E855F856C85D8
:102320007D85CE010E94180F2C898C859D8546E005
:10233000249F800D911D11249D878C87BECF6A300C
:1023400069F41D861C86FC013896E4912D898E85E2
:102350009F85E29F800D911D1124ADCF6D3009F452
:10236000ACCFFC0134963491631708F4A6CF3296B3
:10237000E491E61708F4A1CFFC0132968590949081
:10238000462F431B342F47E0349F800C911C1124AF
:10239000F401329634913196E4913323A9F1EE237E
:1023A00099F1CC88F4013596E491AD884F894423A6
:1023B00001F10E2E000CFF0BE30FF11DCE9EA001CC
:1023C000CF9E500D11246C857D85460F571F688563
:1023D0007985641775076CF44E855F851D861C86AC
:1023E000FC013896E491AE9E400D511D11245F878B
:1023F0004E87EA88FB88088919894E855F856C8538
:102400007D85CE010E94180FF4013496E4912C8949
:102410008C859D85E29F800D911D11248DCF6F923B
:102420007F928F929F92AF92BF92CF92DF92EF9264
:10243000FF920F931F93CF93DF93EC016B015A012F
:1024400039014801E881F9810284F385E02D19956D
:10245000E881F9810288F389E02D87019301A501C4
:10246000B601CE011995A501480D591D41505109DC
:10247000E881F9810288F389E02D9301B601CE014C
:102480001995E881F9810088F189E02D9401A50171
:10249000B601CE011995C60CD71CB6016150710961
:1024A000E881F9810088F189E02D9401A501CE0130
:1024B0001995E881F9810688F789E02DCE01DF9131
:1024C000CF911F910F91FF90EF90DF90CF90BF9031
:1024D000AF909F908F907F906F9019946F927F92A2
:1024E0008F929F92AF92BF92CF92DF92EF92FF9224
:1024F0000F931F93CF93DF935C01EB016A014901B6
:1025000038018701DC01ED91FC916217730719F521
:10251000641675062CF0962D872D3A01C92ED82EFB
:102520009601261937092F5F3F4F048CF58DE02D5A
:10253000A301BE01C5011995DF91CF911F910F91A4
:10254000FF90EF90DF90CF90BF90AF909F908F90D3
:102550007F906F9008954615570591F42617370719
:1025600024F0892D4B01C22FD82F9E01281939093B
:102570002F5F3F4F068CF78DE02DA601B401DACF17
:102580000284F385E02D1995D501ED91FC91048825
:10259000F589E02D83019401A601BE01C5011995BD
:1025A000D501ED91FC910688F789E02DC501DF91F9
:1025B000CF911F910F91FF90EF90DF90CF90BF9040
:1025C000AF909F908F907F906F901994EF92FF92B1
:1025D0000F931F93DC011A960D911C911B9718966F
:1025E0002D913C911997ED91FC9100A0F1A1E02D66
:1025F0007B0150E040E070E060E019951F910F9181
:10260000FF90EF9008954F925F926F927F928F921A
:102610009F92AF92BF92CF92DF92EF92FF920F9371
:102620001F93CF93DF936C012B015A0139014801AD
:10263000DC01ED91FC910284F385E02D1995E20116
:10264000640C751CD601ED91FC91C615D7055CF4A0
:102650000088F189E02D87019401A501BE01C60122
:1026600019952196EFCF0688F789E02DC601DF91F5
:10267000CF911F910F91FF90EF90DF90CF90BF907F
:10268000AF909F908F907F906F905F904F90199434
:102690008F929F92AF92BF92CF92DF92EF92FF9272
:1026A0000F931F93CF93DF93EC015B014A01690104
:1026B000E881F9810284F385E02D199595012C0DAF
:1026C0003D1D21503109E881F9810488F589E02D0B
:1026D00078018401A401B501CE011995E881F98141
:1026E0000688F789E02DCE01DF91CF911F910F91E0
:1026F000FF90EF90DF90CF90BF90AF909F908F9022
:1027000019948F929F92AF92BF92CF92DF92EF92E5
:10271000FF920F931F93CF93DF93EC015B014A016C
:1027200069017801E881F9810284F385E02D19952A
:10273000C80CD91C860101501109E881F98104886F
:10274000F589E02D9501A401B501CE011995E88127
:10275000F9810688F789E02DCE01DF91CF911F9195
:102760000F91FF90EF90DF90CF90BF90AF909F9030
:102770008F901994EF92FF920F931F93DC01ED91CC
:10278000FC9100A0F1A1E02D19951F910F91FF90F0
:10279000EF9008950F931F93DC01ED91FC91068C4F
:1027A000F78DE02D19951F910F9108950F931F93A9
:1027B000DC01ED91FC91048CF58DE02D19951F91B4
:1027C0000F910895DC01ED91FC910084F185E02DDD
:1027D00019943F924F925F926F927F928F929F9245
:1027E000AF92BF92CF92DF92EF92FF920F931F931F
:1027F000CF93DF9300D01F92CDB7DEB75C013B01D2
:102800006A014901280187E0480E511C93E0559464
:1028100047949A95E1F7CA018E0D9F1D9A8389838B
:10282000F12CE12C312C1C821B828B819C818770C6
:102830009927330C892B61F4EB81FC8183E0F595BA
:10284000E7958A95E1F7EE0DFF1DE80DF91D34902F
:1028500037FE0AC021E030E0A6016B817C81660D65
:10286000771DC5010E94E2138B819C8101969C8398
:102870008B8308171907C9F69FEFC91AD90AE40C08
:10288000F51C89819A81C816D90669F60F900F90B8
:102890000F900F90DF91CF911F910F91FF90EF90CC
:1028A000DF90CF90BF90AF909F908F907F906F9070
:1028B0005F904F903F9008952F923F924F925F927A
:1028C0006F927F928F929F92AF92BF92CF92DF9240
:1028D000EF92FF920F931F93CF93DF9300D000D01E
:1028E000CDB7DEB73C016A013E832D83FC82EB82CB
:1028F0005801A41AB50AB7FE03C0B194A194B10857
:102900008D809E80861A970A97FE03C091948194C9
:1029100091088A149B045CF0902F812F0D811E81F9
:102920009D838E839C2D8D2D6B01692F782F0C1527
:102930001D055CF09D818E817E836D83692F782FCC
:10294000902F812F8601C92ED82E1601201A310A08
:102950002B012D813E81421A530A57FE03C0519428
:1029600041945108710137FE03C03FEFE31AF30AA7
:10297000F594E7948D819E81861797075CF5A1E019
:10298000B0E0BA83A983C016D1064CF1D301ED9112
:10299000FC910484F585E02D2B813C81A8016D819B
:1029A0007E818A149B041CF04D815E81B801C301B5
:1029B0001995E418F508F7FE0AC02D813E8189813A
:1029C0009A81280F391F3E832D83E20CF31C0F5F81
:1029D0001F4FD9CF2FEF3FEF3A832983D4CF2696CD
:1029E0000FB6F894DEBF0FBECDBFDF91CF911F9120
:1029F0000F91FF90EF90DF90CF90BF90AF909F909E
:102A00008F907F906F905F904F903F902F900895A0
:102A1000EF92FF920F931F93CF93DF93EC01EC8023
:102A2000FD806E157F050CF070C057FF04C0240FA9
:102A3000351F50E040E08E819F81FA01E20FF31FC5
:102A40008E179F071CF49C01241B350B12161306CE
:102A50000CF05BC0922F842F8695869586958E9D6F
:102A6000D0018F9DB00D11246A0F7B1FAF8DB8A1CF
:102A7000A60FB71F477049F188E0841B482F682FC5
:102A800070E0FB01E055FC4FE491281708F063C0AB
:102A9000621B71092FEF30E002C0359527956A95CA
:102AA000E2F7E2230130110539F0B0F102301105EF
:102AB00061F58C91E82702C08C91E82BEC93941778
:102AC00020F12C813D81A20FB31FE92FE41BE830D8
:102AD00078F00230110521F58E2F9C9190959C93F2
:102AE0002C813D81A20FB31F88508830B0F7E7706A
:102AF000EE2359F0F0E0E855FC4FE4910130110568
:102B0000F9F010F10230110519F1DF91CF911F9109
:102B10000F91FF90EF900895E0958C91E823CECF30
:102B200081E00115110509F480E081959E2F8C93B9
:102B30002C813D81A20FB31F98509830C0F7D7CF9A
:102B40008C91E82BEC93E1CFE0958C91E823FACFC0
:102B50008C91E827F7CF0130110509F4ADCFE0F2F1
:102B60000230110509F4A5CFAE0DBF1DAECF0F93F6
:102B70001F93CF93DF9377FF04C0260F371F70E0BA
:102B800060E0DC011496CD91DC91FB01E20FF31FB4
:102B9000CE17DF071CF49E01261B370B12161306F7
:102BA0004CF5FA0157FD3796A3E0F595E795AA9500
:102BB000E1F7EC9FD001ED9FB00DFC9FB00D11240B
:102BC0006A0F7B1FDC015F96ED91FC91E60FF71F0A
:102BD0004770552781E090E001C0880F4A95EAF7D9
:102BE000482F0130110559F0A8F02E0F3F1F023079
:102BF0001105E1F0DF91CF911F910F9108952E0FF4
:102C00003F1FE217F307B1F38191DF011197842B86
:102C10008C93F7CF80952E0F3F1FE217F30751F3E8
:102C20009191DF01119798239C93F7CFE217F30757
:102C300009F38191DF01119784278C93F7CF0F93CC
:102C40001F93FA01DC0156964C9156974230E9F0F9
:102C50004330A1F1413061F514964D915C91DA0158
:102C6000AE1BBF0BFD01E21BF30B77FD0BC0DC01BC
:102C700016964D915C916417750724F4AB01BF0162
:102C80000E94B7151F910F91089514964D915C9174
:102C9000DA01A61BB70BBD0161507109DC01169664
:102CA0004D915C91DA01AE1BBF0BFD01E21BF30BF2
:102CB00077FDE8CFAF010E940815E4CF16964D913D
:102CC0005C91DA01A61BB70BBD0161507109CDCF34
:102CD0000F931F93FA01DC0156964C9156974230A0
:102CE000A9F0433091F1413019F514964D915C9162
:102CF000DA01AE1BBF0BFD013197F7FD04C0AB013C
:102D0000BF010E9408151F910F91089514964D91CF
:102D10005C91DA01A61BB70BBD01DC0116964D9143
:102D20005C91DA01AE1BBF0BFD013197621B730B87
:102D3000F7FDE9CFDC0116964D915C91E417F5079C
:102D400014F7AF010E94B715DECF16964D915C9136
:102D5000DA01A61BB70BBD01621B730BCECFFC01C2
:102D600077FD64C080859185681779070CF05EC097
:102D700057FD5CC082859385481759070CF056C0F3
:102D800086898230B1F0833029F1813041F4848129
:102D90009581841B950BAB01BC01615071092130F9
:102DA000310509F108F443C02230310509F463C04C
:102DB000089584819581DC01A61BB70BBD0161508C
:102DC000710986819781DC01A41BB50BAD014150CF
:102DD0005109E5CF86819781861B970BBA01AC011B
:102DE00041505109DCCFCA0157FD0796A3E09595E4
:102DF0008795AA95E1F7A481B5818A9F90018B9F61
:102E0000300D9A9F300D1124620F731F078CF0A1B3
:102E1000E02DE60FF71F4770552721E030E001C095
:102E2000220F4A95EAF78081822B80830895CA0198
:102E300057FD079633E0959587953A95E1F7A4817C
:102E4000B5818A9F90018B9F300D9A9F300D112480
:102E5000620F731F078CF0A1E02DE60FF71F47707C
:102E6000552781E090E001C0880F4A95EAF78095E8
:102E700090818923DACFCA0157FD079623E0959503
:102E800087952A95E1F7A481B5818A9F90018B9F50
:102E9000300D9A9F300D1124620F731F078CF0A123
:102EA000E02DE60FF71F4770552721E030E001C005
:102EB000220F4A95EAF780818227B7CF08958CBD0B
:102EC0009DBD089590E080E00895AF92BF92CF92AB
:102ED000DF92EF92FF920F931F93CF93DF93E091D6
:102EE0007E02F0917F02EE0FFF1FEE0FFF1FE858EA
:102EF000FD4F85859685A785B0895C016D01E12C24
:102F0000F12C00E010E020E03AE94DEA5EE460E0F8
:102F100070E080E090E00E940B490E9481460E9490
:102F20005246CB016F3F710519F010F08FEF90E022
:102F3000DF91CF911F910F91FF90EF90DF90CF9095
:102F4000BF90AF900895AF92BF92CF92DF92EF9271
:102F5000FF920F931F93CF93DF93E0917E02F09146
:102F60007F02EE0FFF1FEE0FFF1FE858FD4F858514
:102F70009685A785B0895C016D01E12CF12C00E0FC
:102F800010E020E03CE846E857E460E070E080E0D4
:102F900090E00E940B490E9481460E945246CB015C
:102FA0006A30710510F48AE090E0DF91CF911F91B3
:102FB0000F91FF90EF90DF90CF90BF90AF9008956A
:102FC0000F931F93CF93DF93EC01809186048111BF
:102FD0000DC00E94EF0A6093820470938304809373
:102FE00084049093850481E08093860488818823FB
:102FF00071F10E94EF0A00918204109183042091E4
:10300000840430918504601B710B820B930B6E342A
:1030100071408105910580F0C09100020E94EF0A85
:103020006093820470938304809384049093850456
:10303000C13049F41092000280910002DF91CF91DB
:103040001F910F91089581E080930002F5CF81E0F8
:10305000F5CF81E080935D026AE070E080E090E06F
:103060000E94A90A8DE30E94670A26E533E1DC018C
:103070000E94AA482FEF33E040E050E00E94EF4466
:10308000B90190E080E00E94984320E030E04AE7F8
:1030900054E40E949D4526E03FE24AEB5DE30E9436
:1030A0009D4520E030E040E85FE30E94314508950F
:1030B000CF92DF92EF92FF92A0914902B0914A0223
:1030C00020E03AEC4AE95BE30E9419456B017C0180
:1030D000A0913C02B0913D0220E432E44FE050E088
:1030E0000E941945C60ED71EE81EF91E60912202E5
:1030F00070912302072E000C880B990BC60ED71E69
:10310000E81EF91EA0912F02B091300228EE33E0A4
:103110000E94AA486C0D7D1D8E1D9F1DFF90EF9093
:10312000DF90CF900895EF92FF920F931F93CF936C
:10313000DF93EC01A881B9817C810A811B81FD802C
:1031400020E931E050E040E090E080E06C916723BE
:10315000E1E0F0E011F4F0E0E0E08E0F9F1FF801F5
:1031600060816F21E1E0F0E011F4F0E0E0E04E0F6B
:103170005F1F2150310951F721E0893C910508F486
:1031800020E081E0493C510508F480E09091810401
:10319000921305C090918004981709F460C02093A1
:1031A0008104809380049E81990F990F922B880F40
:1031B000982B9E839B3409F459C0973809F04FC06F
:1031C000EE24EA94FE2C0E94EF0A0B851C852D85C7
:1031D0003E85DC01CB01801B910BA20BB30B8F87CB
:1031E000988BA98BBA8B10E000E08A319105A1057C
:1031F000B10540F405E010E00D97A105B10510F40C
:103200000AE010E00E94EF0A6B877C878D879E871B
:1032100021E030E0FFEFEF16FF0611F42FEF3FEF54
:10322000C701FF0CAA0BBB0B4F81588569857A85B6
:10323000840F951FA61FB71F029FA001039F500D6B
:10324000129F500D1124052E000C660B770B840F76
:10325000951FA61FB71F8F839887A987BA87DF910D
:10326000CF911F910F91FF90EF900895EE24E3947A
:10327000F12CA9CF80911B0690911C060C949318F9
:1032800080911D0690911E060C94931880911F0644
:10329000909120060C94931880912106909122061B
:1032A0000C94931880912306909124060C94931803
:1032B00080912506909126060C94931883E492E061
:1032C00090936F0580936E0510926C0580E00895D1
:1032D0000895CF93DF93EC01E0917E02F0917F029D
:1032E000EE0FFF1FEE0FFF1FE858FD4F25853685B7
:1032F00047855089220F331F441F551FAE81BF8160
:103300000E9419456D877E878F87988BDF91CF91BB
:1033100008954F925F926F927F928F929F92AF9299
:10332000BF92CF92DF92EF92FF920F931F93CF93B2
:10333000DF9300D01F92CDB7DEB78091BC0790918C
:10334000BD070297C8F58091B2079091B307A0918D
:10335000B407B091B50781509841AD40BF488F3F49
:103360009B41AE44BE4020F085EA97E00E94691977
:103370008090B2079090B307A090B407B090B507C3
:10338000C12CD12C76019401A501B601C7010F9083
:103390000F900F900F90DF91CF911F910F91FF90A1
:1033A000EF90DF90CF90BF90AF909F908F907F90E5
:1033B0006F905F904F90089530917202209171024A
:1033C000932F990F990BA12C4AECB42E5AE9C52ED4
:1033D0006BE3D62EE12CF12C00E010E0492F592FA1
:1033E000692F792F892F0E94B14859016A017B0109
:1033F000F82FE92FA0916402B091650220E432E435
:103400004FE050E00E9419452B013C01DC01CB014B
:10341000BB0F880B982FDC0189839A83AB83BC8315
:103420009501A601B7018F2F9E2F52016301E980FC
:10343000FE2C0E2D1E2D0E94164A49015A016B01C9
:103440007C0135564D4C5D41610971098109910935
:10345000211538424B465E4E610571058105910587
:1034600009F008F490CF812C8AEC982E9AE9A92EC5
:103470002BE3B22EC12CD12CE12CF12C84CFFC01FA
:10348000948581E0892784870895FC0177FF03C034
:1034900071956195710986819781861B970B97833A
:1034A0008683228533858217930724F4808591854E
:1034B000978386830895CF93DF93EC010E94451A8A
:1034C0008E819F81853F21E0920778F08091710283
:1034D00090917202049731F483E090E0909372022D
:1034E00080937102DF91CF910895843F9140D1F391
:1034F0008091710290917202892BA1F781E090E096
:10350000EDCFCF93DF93EC010E94451A8E819F810E
:103510008430910581F48091640290916502853F29
:10352000914030F084EF91E09093650280936402C3
:10353000DF91CF910895892BD9F780916402909102
:103540006502843F914070F3F3CFCF93DF93EC019A
:1035500061E070E00E94451A8E819F81029768F4B5
:1035600088E792E09B838A8385EA97E09093140230
:1035700080931302DF91CF9108958BE692E09B83B5
:103580008A838EE592E0F2CF0E94451A8BEA97E09B
:103590000E946E0985EA97E00C9469190C94451A0B
:1035A0000C94451A0C94451A0C94451A0C94451A1F
:1035B000FC0177FF03C07195619571098681978140
:1035C000680F791F778366838085918586179707B3
:1035D00024F482859385978386830895CF93DF9320
:1035E000EC010E94D81A8E819F81853F21E09207CD
:1035F00078F08091710290917202049731F483E027
:1036000090E09093720280937102DF91CF910895C0
:10361000843F9140D1F38091710290917202892B85
:10362000A1F781E090E0EDCFCF93DF93EC010E9412
:10363000D81A8E819F818430910581F48091640233
:1036400090916502853F914030F084EF91E0909336
:10365000650280936402DF91CF910895892BD9F799
:103660008091640290916502843F914070F3F3CFA2
:10367000CF93DF93EC0161E070E00E94D81A8E8155
:103680009F81029768F488E792E09B838A8385EAAA
:1036900097E09093140280931302DF91CF910895E5
:1036A0008BE692E09B838A838EE592E0F2CF0E94C4
:1036B000D81A8BEA97E00E946E0985EA97E00C948D
:1036C00069190C94D81A0C94D81A0C94D81A0C9422
:1036D000D81A0C94D81A8EBD00000DB407FEFDCF89
:1036E0008EB50895EF92FF920F931F93CF93DF93C0
:1036F0008C017B0160E08091EF060E94FD09F801DA
:1037000080810E946B1BE701F8012181CE018E1997
:103710009F092817190629F024F089910E946B1B34
:10372000F3CF61E08091EF06DF91CF911F910F9170
:10373000FF90EF900C94FD09CF93DF9300D000D061
:10374000CDB7DEB781E080939F078D8384E08E83C1
:10375000198280E88A831B821C82BE016F5F7F4FC3
:10376000CE0105960E94721B0E94DB0A26960FB6B8
:10377000F894DEBF0FBECDBFDF91CF910895CF93F8
:10378000DF9300D000D0CDB7DEB781E08093A007F3
:103790001D8284E08E838091BB029091BC02A09137
:1037A000BD02B091BE0289839A83AB83BC83BE0104
:1037B0006F5F7F4FCE0105960E94721B0E94DB0A4D
:1037C00026960FB6F894DEBF0FBECDBFDF91CF9126
:1037D0000895FF920F931F93CF93DF93CDB7DEB77A
:1037E00068970FB6F894DEBF0FBECDBF042F60936D
:1037F0003A0770933B0780933C0790933D07609393
:10380000360770933707809338079093390761E044
:103810008091F0060E94FD0961E070E080E090E098
:103820000E94A90A60E08091F0060E94FD0964E60A
:1038300070E080E090E00E94A90A10929F07109229
:10384000A00710929E071F8A14E0188F8091BF0274
:103850009091C002A091C102B091C2028D879E8753
:10386000AF87B88BBE01635F7F4FCE0147960E9442
:10387000721B0E94DB0AFF24F394FD821E83809159
:10388000C3029091C402A091C502B091C60289837F
:103890009A83AB83BC83BE016F5F7F4FCE010596D9
:1038A0000E94721B0E94DB0AFD8A1E8B19861A86F3
:1038B00089E08B871C86BE01675F7F4FCE014596EE
:1038C0000E94721B0E94DB0A82E0002309F45BC0A5
:1038D0008B8B1C8B1E821D821E838CE688870F8338
:1038E000BE016B5F7F4FCE0143960E94721B198A07
:1038F0001A8B8091C7029091C802A091C902B09121
:10390000CA0289839A83AB83BC83BE016F5F7F4FFA
:10391000CE0141960E94721B0E94DB0A83E08D83D8
:1039200084E08E838091CB029091CC02A091CD0255
:10393000B091CE0289839A83AB83BC83BE016F5F53
:103940007F4FCE0105960E94721B0E94DB0A61E048
:1039500070E080E090E00E94A90A1982BE016F5FCA
:103960007F4FCE0105960E94721B0E94DB0A68966B
:103970000FB6F894DEBF0FBECDBFDF91CF911F9180
:103980000F91FF9008958D831E8319821A821B82E6
:103990001C83BE016F5F7F4FCE010596BBCF2F9278
:1039A0003F924F925F926F927F928F929F92AF92CF
:1039B000BF92CF92DF92EF92FF920F931F93CF931C
:1039C000DF93CDB7DEB76A970FB6F894DEBF0FBEB0
:1039D000CDBF6093F6067093F7068093F806909338
:1039E000F9066B017C0100E010E098016F83D88636
:1039F0008987FA860B871C872D873E876091A107F0
:103A00007091A2078091A3079091A4070E94144689
:103A100039014A01688B372E2C01AF80BD2C67011C
:103A2000E12CF12C00E010E060E070E080E090E03C
:103A30000E94B1482F873B8B4C8B5D8B6E8B7F8BAD
:103A4000888F292E9301A4016889732DC20100E299
:103A50000E94FB4900E00E94B148B22FA32FF42F2F
:103A6000E52F962E872E782E692E00E20E94E049DF
:103A7000AF84BB88CC88DD88EE88FF88088D122D46
:103A80000E94164A288B398B4A8B552E698F472EF8
:103A9000382E9A8F4091360750913707609138073A
:103AA000709139076A017B0100E010E098014F83B3
:103AB000D8866987FA860B871C872D873E879501F4
:103AC0004C895D896E897F89888D922D00E20E94E4
:103AD000FB49AB2EBA2ECF2EDE2EE12CF12C00E0CE
:103AE00010E00E94164A00E20E94FB492F873B8BA0
:103AF0004C8B5D8B6E8B7F8B888F292E2B2F3A2FD3
:103B00004F2F5E2F692D782D872D962D0E94FB4912
:103B100059016A017B018C012F853B894C895D89A4
:103B20006E897F89888D922D0E94164AAF80B88455
:103B3000C984DA84E12CF12C00E010E00E943A49BB
:103B400000E20E94E0493901B42F252EF62FE72F1D
:103B50004C01288939894A89552D698D742D832D09
:103B60009A8D0E94FB49622A732AB42BBF87252AAB
:103B70003F2E362A4E2E472A882A992A00E09301A2
:103B80004B2F522D632D742DC4010E943A4900E23F
:103B90000E94E049D8882D29E9883E29FA884F29D2
:103BA0005529DA84E12CF12C00E00E943C49522E88
:103BB000388B498B5A8B93014F85522D632D742D71
:103BC000C4010E943C4900E20E94E049522A9889BF
:103BD000932B6989642B7A89752B509216079093E1
:103BE0001707609318077093190779836A839B837B
:103BF0005C8284E08E838BE08D83BE016F5F7F4F9C
:103C0000CE0105960E94721B0E94DB0A6A960FB6CF
:103C1000F894DEBF0FBECDBFDF91CF911F910F9102
:103C2000FF90EF90DF90CF90BF90AF909F908F90DC
:103C30007F906F905F904F903F902F900895EF92FC
:103C4000FF920F931F93CF93DF937C01C62F809138
:103C5000C8069091C906009709F459C02091CC0676
:103C600031E030937D0520937C0510927B05109206
:103C70007A05DC01ED91FC910190F081E02D60E08E
:103C800019958701EE24E394F12CD1E0C150809185
:103C9000C8069091C906CF3F91F1B0E2EB16F1044E
:103CA000D8F00E941B0E8091C8069091C906209101
:103CB000CC06D0937D0520937C0510927B05109255
:103CC0007A05DC01ED91FC910190F081E02D60E03E
:103CD0001995EE24E394F12C8091C8069091C906C1
:103CE000F8016491DC01ED91FC910190F081E02DEF
:103CF0001995BFEFEB1AFB0A0F5F1F4FC7CFDF917C
:103D0000CF911F910F91FF90EF900C941B0EE091BB
:103D1000D806F091D90690818091DE06809589239E
:103D200080838701C15008F438C0F8018491209144
:103D3000C6063091C706232B29F00E946B1B0F5F2C
:103D40001F4FF0CF28E030E040E8E091D406F0913A
:103D5000D5069091DC06582F5423D9F05081952B2D
:103D60009083E091D606F091D70690815091DD06C0
:103D7000952B9083E091D606F091D70650819091D3
:103D8000DD06909595239083469521503109E9F6FB
:103D9000D6CF508190959523E3CFDF91CF911F919E
:103DA0000F91FF90EF9008951F93CF93DF93EC0155
:103DB0008D8D9E8D009721F1162F29A131E0309332
:103DC0007D0520937C0510927B0510927A05DC011D
:103DD000ED91FC910190F081E02D60E019958D8DC1
:103DE0009E8DDC01ED91FC910190F081E02D612F21
:103DF00019958D8D9E8DDF91CF911F910C941B0E87
:103E0000ADA5BEA59C918BA9809589238C938B8DA4
:103E10009C8D892B31F0862FDF91CF911F910C94CF
:103E20006B1B28E030E080E8A9A5BAA599A9462F28
:103E30004823C1F04C91942B9C93ABA5BCA59C91BD
:103E40004AA9942B9C93ABA5BCA54C919AA990959B
:103E500094239C9386952150310931F7DF91CF91BE
:103E60001F9108954C9190959423E6CFDF92EF92A5
:103E7000FF920F931F93CF93DF938091C806909189
:103E8000C906892B09F4A5C02091E0063091E1060E
:103E90004091E2065091E30660E074E284EF90E026
:103EA0000E94CD4420513109410951095695479549
:103EB000379527952093B80064E087EC91E10E9444
:103EC0001F1E8091AF069091B0068034910509F0D5
:103ED00097C060E28BEA96E00E94D41E6091AF0624
:103EE000615E8BEA96E00E94D41E2091B10630916B
:103EF000B206C901079697FD079633E09595879519
:103F00003A95E1F72091AF063091B006829F80018B
:103F1000839F100D929F100D1124C091CA06D0915D
:103F2000CB068091C8069091C9060C0F1D1F009703
:103F300009F498C02091CC0631E030937D052093A0
:103F40007C0510927B0510927A05DC01ED91FC91C5
:103F50000190F081E02D60E41995EE24E394F12CBA
:103F6000DD24D3948091C8069091C9060C171D07D3
:103F700009F44FC0B0E2EB16F104D8F00E941B0E1A
:103F80008091C8069091C9062091CC06D0927D05FB
:103F900020937C0510927B0510927A05DC01ED914F
:103FA000FC910190F081E02D60E41995EE24E394FA
:103FB000F12C8091C8069091C9066991DC01ED91C0
:103FC000FC910190F081E02D1995BFEFEB1AFB0AEF
:103FD000C9CF8091C6069091C706892B31F0809198
:103FE000E9069091EA060E945F17E091DA06F091E7
:103FF000DB0690818091DF068095892380835CCFEA
:1040000060E08BEA96E00E94D41E6091AF0661509A
:1040100068CF0E941B0E8091C8069091C906892B1B
:1040200009F461C02091E4063091E5064091E6066E
:104030005091E70660E074E284EF90E00E94CD4486
:1040400020513109410951095695479537952795D2
:104050002093B800DF91CF911F910F91FF90EF90C7
:10406000DF900895E091D806F091D9068081909173
:10407000DE06892B80830C171D0769F28991209138
:10408000C6063091C706232B19F00E946B1BF3CF95
:1040900028E030E040E8E091D406F091D506909118
:1040A000DC06582F5423D9F05081952B9083E09152
:1040B000D606F091D70690815091DD06952B90831E
:1040C000E091D606F091D70650819091DD0690954B
:1040D00095239083469521503109E9F6CCCF508144
:1040E00090959523E3CFE091DA06F091DB0680818D
:1040F0009091DF06892B8083ADCF1F93CF93DF9301
:10410000EC01162F8D8D9E8D892BB1F12DA93EA925
:104110004FA958AD60E074E284EF90E00E94CD4476
:1041200020513109410951095695479537952795F1
:104130002093B80066EA111167EACE010E94D41EEE
:104140008D8D9E8D892B41F129AD3AAD4BAD5CAD86
:1041500060E074E284EF90E00E94CD442051310988
:104160004109510956954795379527952093B800F1
:10417000DF91CF911F9108958B8D9C8D892B21F01C
:104180008EAD9FAD0E945F17EFA5F8A990818CA915
:10419000809589238083CECFEFA5F8A980819CA943
:1041A000892B8083E5CFCF92DF92EF92FF92CF935E
:1041B000DF9300D000D0CDB7DEB720E030E040EA9A
:1041C00051E40E949D459B01AC0160E070E080E2FB
:1041D00091E40E94DA4620E030E040E855E40E9495
:1041E000F9436B017C0120E030E0A9010E94D54633
:1041F00020E030E040E05FE387FD36C0C701B60154
:104200000E9431450E944B46611520E172078105ED
:10421000910578F560933E0770933F0780934007C0
:104220009093410780913E0790913F0724E02E83B1
:104230002CE02D831C821B8299838A83BE016F5FD1
:104240007F4FCE0105960E94721B0E94DB0A2696C4
:104250000FB6F894DEBF0FBECDBFDF91CF91FF90B8
:10426000EF90DF90CF900895C701B6010E943045CE
:10427000C9CF8FEF9FE0A0E0B0E080933E0790931E
:104280003F07A0934007B0934107CCCFCF92DF9276
:10429000EF92FF926B017C0120E030E0A9010E94C7
:1042A000D546181644F0C701B601FF90EF90DF9095
:1042B000CF900C94D320FF90EF90DF90CF90089593
:1042C0002091B1063091B206C901079697FD079675
:1042D00023E0959587952A95E1F72091AF063091D7
:1042E000B006829FA001839F500D929F500D112414
:1042F00070E060E08091CA069091CB060C94334C3C
:10430000CF93DF93EC0188819981009711F00E948F
:10431000BB4A198218821D821C821B821A82DF917D
:10432000CF910895FC0180819181009711F00C9448
:10433000BB4A08950F931F93CF93DF938C01EB013A
:104340000E94B7448883C80101960E94B7448983BC
:10435000CE01DF91CF911F910F910895FF920F939E
:104360001F93CF93DF93EC018B01FB01F0800E9440
:10437000B744F81621F06F2DCE010E94BF44F8011A
:10438000F1802196CE010E94B744F81621F06F2DDE
:10439000CE010E94BF44C801DF91CF911F910F91C0
:1043A000FF90089569E472E086E190E00E94AE21FA
:1043B0006CE372E088E190E00E94AE216FE272E06F
:1043C0008CE190E00E94AE2162E272E080E290E037
:1043D0000E94AE2166E572E084E290E00E94AE2188
:1043E00067E384E690E00C94BF440E94254CFB01F7
:1043F00001900020E9F73197AF01461B570BDC0114
:10440000ED91FC910280F381E02D19948F929F929F
:10441000AF92BF92EF92FF920F931F93CF93DF93D0
:10442000CDB7DEB7A1970FB6F894DEBF0FBECDBFF4
:104430007C01FA01CB0119A2223008F42AE08E0196
:104440000F5D1F4F822E912CB12CA12CBF01A50115
:1044500094010E94CD44F901CA016A300CF5605DF7
:10446000D8016E938D01232B242B252B79F790E017
:1044700080E0109721F0BD01C7010E94F721A196AD
:104480000FB6F894DEBF0FBECDBFDF91CF911F9165
:104490000F91FF90EF90BF90AF909F908F900895F5
:1044A000695CDECFCF92DF92EF92FF920F931F9362
:1044B000CF93DF9377FF1DC06A017B01EC016DE2B2
:1044C0000E94FF0A8C0144275527BA014C195D0947
:1044D0006E097F092AE0CE010E940622800F911FFB
:1044E000DF91CF911F910F91FF90EF90DF90CF90D0
:1044F00008952AE0DF91CF911F910F91FF90EF90E7
:10450000DF90CF900C9406224F925F926F927F9231
:10451000AF92BF92CF92DF92EF92FF921F93CF9311
:10452000DF935C016A017B01722E20E030E0A9017B
:10453000CB01B6010E949343D0E0C0E087FF09C0E1
:104540006DE2C5010E94FF0AEC01F7FAF094F7F85A
:10455000F09410E060E070E080E09FE3171541F018
:1045600020E030E040E251E40E949D451F5FF6CF1D
:10457000A70196010E9431456B017C010E945246C1
:104580002B013C012AE0BC01A201C5010E940622C8
:10459000C80FD91F1123C1F1C301B2010E94984372
:1045A0009B01AC01C701B6010E9430456B017C0143
:1045B0006EE2C5010E94FF0AC80FD91F115020F1F9
:1045C00020E030E040E251E4C701B6010E94F94327
:1045D0002B013C010E9452466B01F12CE12C2AE098
:1045E000B701A601C5010E940622C80FD91FC70145
:1045F000B6010E9498439B01AC01C301B2010E9425
:1046000030456B017C01DACFCE01DF91CF911F9154
:10461000FF90EF90DF90CF90BF90AF907F906F9022
:104620005F904F9008958F929F92AF92BF92CF92DA
:10463000DF92EF92FF926B017C01AC019B010E9423
:10464000354767E973E0811126C046015701E894B8
:10465000B7F82FEF3FEF4FE75FE7C501B4010E94C6
:10466000354781110CC02FEF3FEF4FE75FE7C501E2
:10467000B4010E9493436BE973E0181664F02FEFC6
:104680003FEF4FE75FE4C701B6010E94D546181619
:10469000C4F46FE973E08EE795E00E94F7217C0196
:1046A00063EA73E08EE795E00E94F7218E0D9F1D6F
:1046B000FF90EF90DF90CF90BF90AF909F908F9042
:1046C00008952FEF3FEF4FE75FECC701B6010E945F
:1046D000934387FDDECF22E0B701A6018EE795E088
:1046E0000E948422DCCF0F931F93CF93DF93EC01C2
:1046F0000E94F7218C0163EA73E0CE010E94F7214A
:10470000800F911FDF91CF911F910F9108950F930B
:104710001F93CF93DF93EC010E94140B8C0163EA8B
:1047200073E0CE010E94F721800F911FDF91CF919E
:104730001F910F9108950F931F93CF93DF936CEB0D
:1047400077E090E080E00E94AE216EE772E082E0C8
:1047500090E00E94AE2161E772E084E090E00E9468
:10476000AE2164E672E086E090E00E94AE216BEA42
:1047700077E088E090E00E94AE2167E385E690E074
:104780000E94BF440E94F4230E946021CBEAD6E03D
:1047900082E08C8B8D8B81E090E09B8B8A8B998B58
:1047A000888B08E210E01D870C871F861E86888F85
:1047B00066EA73E0CE010E9473231D870C8780E2B6
:1047C00090E09F878E876CEA73E0CE010E94F7210C
:1047D0000E94361F68EE73E080E090E0DF91CF9199
:1047E0001F910F910C94A90ACF92DF92EF92FF9242
:1047F00085E690E00E94B744873309F4B1C0109277
:10480000BD071092BC0784E090E090937F028093F4
:104810007E0283E090E09093720280937102109286
:104820006502109264028EE190E09093AC07809351
:10483000AB070E949B238091BC07882309F4AFC07B
:10484000833008F4B9C08091AB079091AC078F3FDB
:10485000910539F034F00E94A3179093AC07809330
:10486000AB07E0917E02F0917F02EE0FFF1FEE0F8B
:10487000FF1FE858FD4FC584D684E784F088A091D7
:10488000AB07B091AC07A70196010E941945660FCE
:10489000771F881F991F613074438B459D4930F005
:1048A0000E94A3179093AC078093AB078091AB074E
:1048B0009091AC070A9734F40E9465179093AC0767
:1048C0008093AB07A091AB07B091AC07A70196010D
:1048D0000E941945660F771F881F991F611578413F
:1048E0008D409F4830F40E9465179093AC078093E9
:1048F000AB0785EA97E00E9469198091BC07909107
:10490000BD078230910508F061C028E732E030939E
:10491000B9072093B80725EA37E0309314022093B3
:104920001302029708F05BC0F090AB070E94891950
:10493000E42F4F2DB9018E2F952F0E94E91B0E9465
:104940009C1B0E94BF1B0E9458180E94CF1C60E055
:1049500070E0CB01FF90EF90DF90CF900C94D320CC
:104960006CEB77E090E080E00E949A216EE772E0C5
:1049700082E090E00E949A2161E772E084E090E09A
:104980000E949A2164E672E086E090E00E949A21FB
:104990006BEA77E088E090E00E949A214CCF61E0DA
:1049A0008BE30E94FD0961E086E30E94FD0960E05F
:1049B00087E30E94FD0947CF60E08BE30E94FD0979
:1049C00060E086E30E94FD0961E0F2CF2BE632E071
:1049D0003093B9072093B8072EE532E09ECF0E94AE
:1049E0008919E42F40E0A6CFCF938091BC07909126
:1049F000BD07029718F5C091AB070E948919E42FF3
:104A00004C2FB9018E2F952F0E94E91B0E949C1BF1
:104A10000E94BF1B0E9458180E94CF1C60E070E0EB
:104A2000CB010E94D3200E949B2382E092E09093CE
:104A30006F0580936E0580E0CF9108950E948919DB
:104A4000E42F40E0DECFCF93DF93EC018E819F8196
:104A500001979F838E830A9724F40E9465179F8392
:104A60008E83E0917E02F0917F02EE0FFF1FEE0F2A
:104A7000FF1FE858FD4F2585368547855089220F51
:104A8000331F441F551FAE81BF810E941945611518
:104A900078418D409F4820F40E9465179F838E8344
:104AA000CE010E94691962EB73E08EE795E00E94E7
:104AB000F7214E815F81052E000C660B770B8EE788
:104AC00095E00E94522263EA73E08EE795E0DF9161
:104AD000CF910C94F721CF93DF93EC018E819F81CE
:104AE00001969F838E838F3F910529F024F00E94C9
:104AF000A3179F838E83E0917E02F0917F02EE0FD9
:104B0000FF1FEE0FFF1FE858FD4F258536854785AF
:104B10005089220F331F441F551FAE81BF810E9451
:104B20001945613074438B459D4920F00E94A317BD
:104B30009F838E83CE010E94691962EB73E08EE73A
:104B400095E00E94F7214E815F81052E000C660BD7
:104B5000770B8EE795E00E94522263EA73E08EE7BE
:104B600095E0DF91CF910C94F7210F931F93CF9392
:104B7000DF93EC0188819981009759F02A813B816C
:104B80002617370730F081E0DF91CF911F910F9109
:104B900008958B016F5F7F4F0E94444B009759F03F
:104BA000998388831B830A832C813D81232B59F7AA
:104BB000FC011082E8CF80E0E7CFEF92FF920F93E5
:104BC0001F93CF93DF936115710541F480E0DF916E
:104BD000CF911F910F91FF90EF90089541155105CE
:104BE000B1F07B01EC010C811D81040F151FB80190
:104BF0000E94B525882351F3288139818C819D81BC
:104C0000B701820F931F0E943A4C1D830C8381E0F1
:104C1000DECFCF93DF93EC01FB0101900020E9F799
:104C20003197AF01461B570B0E94DD25811103C050
:104C3000CE010E948021CE01DF91CF910895CF93C4
:104C4000DF93EC01FB0144815581608171810E94F9
:104C5000DD25811103C0CE010E948021CE01DF91AC
:104C6000CF910895EF92FF920F931F93CF93DF930D
:104C7000EC017B018A01BA010E94B52581110BC0AC
:104C8000CE010E948021CE01DF91CF911F910F9123
:104C9000FF90EF9008951D830C83B701888199815F
:104CA0000E943A4CF0CFFB0101900020E9F73197C8
:104CB000AF01461B570B0C9432260F931F93CF93D3
:104CC000DF93CDB7DEB762970FB6F894DEBF0FBEA5
:104CD000CDBF8C01CB01F8011182108213821282A8
:104CE000158214824AE0BE016F5F7F4F0E94D94057
:104CF000BE016F5F7F4FC8010E94532662960FB6B8
:104D0000F894DEBF0FBECDBFDF91CF911F910F9101
:104D10000895CF93DF93EC01FB018617970749F0C5
:104D2000608171816115710541F0448155810E9456
:104D30003226CE01DF91CF9108950E948021F9CFD4
:104D4000FC011182108213821282158214820C944B
:104D50008926FC011182108213821282158214822C
:104D6000FB0101900020E9F73197AF01461B570B7B
:104D70000C9432264F925F926F927F928F929F9205
:104D8000AF92BF92CF92DF92EF92FF920F931F9359
:104D9000CF93DF9300D000D0CDB7DEB75C018B019D
:104DA0000E94EF0A6B017C01D8011E96CD92DD9224
:104DB000ED92FC92519719968D919D910D90BC9119
:104DC000A02D26013701481A590A6A0A7B0AF80100
:104DD00087819085AC01440F551F480F591F70E023
:104DE00060E0441555056605770508F41586B0E0C2
:104DF000A0E084159505A605B70508F070C0D80198
:104E00001996CD92DD92ED92FC921C971D968C9195
:104E10001D978F5F1D968C931D9752969C9152976C
:104E2000981710F41D961C92F801E584C680F12CA9
:104E3000CE0CDF2CD11CCE14DF0428F09C2D8D2D40
:104E40006701E92EF82E65EA73E0CE0101960E9413
:104E5000A926D80114968D909C90C814D904F8F412
:104E6000E814F90408F44701D801ED91FC91119779
:104E7000E80DF91DF08010826D917C916C0D7D1D07
:104E8000CE0101966115710509F447C00E945326B1
:104E9000F80180819181880E991ED401FC92F8015D
:104EA000838994890097F1F169817A81611571058F
:104EB000B9F1458956892D813E814217530780F10A
:104EC0000E943A4C8D819E81D80158969C938E9376
:104ED00057971E821D82CE0101960E949221B80131
:104EE0006D5E7F4FC5010E94A026C50126960FB6B4
:104EF000F894DEBF0FBECDBFDF91CF911F910F9110
:104F0000FF90EF90DF90CF90BF90AF909F908F90E9
:104F10007F906F905F904F9008950E948021B8CF4E
:104F20000E94BB4A89819A81F801948B838B8B8183
:104F30009C81968B858B8D819E81908F878B1A8229
:104F400019821C821B82C5CF0F931F93CF93DF93CF
:104F5000CDB7DEB72C970FB6F894DEBF0FBECDBF2E
:104F60008C01433069F5CB010A978A35910538F4F5
:104F7000CE0107960E945D2666EB73E009C06A3099
:104F800071050CF5CE0107960E945D2665EB73E076
:104F9000CE0101960E94A926BE01695F7F4FCE0116
:104FA00001960E941F26BC01C8010E94A026CE01C6
:104FB00001960E949221CE0107960E94922106C07E
:104FC0006A307105ACF2C8010E945D26C8012C96BA
:104FD0000FB6F894DEBF0FBECDBFDF91CF911F910A
:104FE0000F91089585ED8093BC008091CF0490913E
:104FF000D004A091D104B091D2040796A11DB11D97
:1050000023E0B695A795979587952A95D1F7209196
:10501000BC0024FD03C01092180508954091CF04F0
:105020005091D0046091D1047091D204452B462B4D
:10503000472B69F30097A105B10541F02AE22A95B3
:10504000F1F700C00197A109B109E1CF8091CE0429
:105050000C94750D1F920F920FB60F9211242F937F
:105060003F938F939F93AF93BF93809172059091DD
:105070007305A0917405B09175053091710523E019
:10508000230F2D3758F50196A11DB11D20937105F1
:105090008093720590937305A0937405B093750582
:1050A0008091760590917705A0917805B09179056A
:1050B0000196A11DB11D8093760590937705A0936D
:1050C0007805B0937905BF91AF919F918F913F91F2
:1050D0002F910F900FBE0F901F90189526E8230F69
:1050E0000296A11DB11DD2CF1F920F920FB60F9243
:1050F00011240BB60F922F933F934F935F936F93AF
:105100007F938F939F93AF93BF93EF93FF93E09120
:10511000B302F091B4021995FF91EF91BF91AF9155
:105120009F918F917F916F915F914F913F912F91BF
:105130000F900BBE0F900FBE0F901F9018951F92EF
:105140000F920FB60F9211240BB60F922F933F932D
:105150004F935F936F937F938F939F93AF93BF937F
:10516000EF93FF93E091B102F091B2021995FF9194
:10517000EF91BF91AF919F918F917F916F915F91CF
:105180004F913F912F910F900BBE0F900FBE0F903C
:105190001F9018951F920F920FB60F9211240BB605
:1051A0000F922F933F934F935F936F937F938F93C0
:1051B0009F93AF93BF93EF93FF93E091A702F0917A
:1051C000A8021995FF91EF91BF91AF919F918F9197
:1051D0007F916F915F914F913F912F910F900BBEF7
:1051E0000F900FBE0F901F9018951F920F920FB641
:1051F0000F9211240BB60F922F933F934F935F930F
:105200006F937F938F939F93AF93BF93EF93FF938E
:10521000E091A502F091A6021995FF91EF91BF913F
:10522000AF919F918F917F916F915F914F913F913E
:105230002F910F900BBE0F900FBE0F901F901895DF
:105240001F920F920FB60F9211240BB60F922F934D
:105250003F934F935F936F937F938F939F93AF93FE
:10526000BF93EF93FF93E091AF02F091B0021995D5
:10527000FF91EF91BF91AF919F918F917F916F912E
:105280005F914F913F912F910F900BBE0F900FBEEA
:105290000F901F9018951F920F920FB60F92112426
:1052A0000BB60F922F933F934F935F936F937F9320
:1052B0008F939F93AF93BF93EF93FF93E091AD02D2
:1052C000F091AE021995FF91EF91BF91AF919F912F
:1052D0008F917F916F915F914F913F912F910F909F
:1052E0000BBE0F900FBE0F901F9018951F920F923C
:1052F0000FB60F9211240BB60F922F933F934F933B
:105300005F936F937F938F939F93AF93BF93EF932D
:10531000FF93E091AB02F091AC021995FF91EF91F0
:10532000BF91AF919F918F917F916F915F914F91BD
:105330003F912F910F900BBE0F900FBE0F901F90BB
:1053400018951F920F920FB60F9211240BB60F9261
:105350002F933F934F935F936F937F938F939F937D
:10536000AF93BF93EF93FF93E091A902F091AA024C
:105370001995FF91EF91BF91AF919F918F917F917F
:105380006F915F914F913F912F910F900BBE0F90B6
:105390000FBE0F901F9018951F920F920FB60F928D
:1053A00011240BB60F922F933F934F935F936F93FC
:1053B0007F938F939F93AF93BF93EF93FF938EE76A
:1053C00095E00E94AC0BFF91EF91BF91AF919F913F
:1053D0008F917F916F915F914F913F912F910F909E
:1053E0000BBE0F900FBE0F901F9018951F920F923B
:1053F0000FB60F9211240BB60F922F938F939F939A
:10540000EF93FF93E0918E05F0918F058081E091FD
:105410009405F091950582FD1DC0908180919705BE
:105420008F5F8F7320919805821741F0E091970567
:10543000F0E0E258FA4F958F80939705FF91EF9136
:105440009F918F912F910F900BBE0F900FBE0F90D9
:105450001F9018958081F2CF1F920F920FB60F9276
:1054600011240BB60F922F933F934F935F936F933B
:105470007F938F939F93AF93BF93EF93FF9380910D
:10548000B900887F803609F44DC008F040C08832EA
:1054900009F4A9C028F5803109F49DC0C8F4882317
:1054A00009F4FBC0883009F496C0FF91EF91BF91D9
:1054B000AF919F918F917F916F915F914F913F91AC
:1054C0002F910F900BBE0F900FBE0F901F9018954D
:1054D000883109F488C0803241F78093170514C0E1
:1054E000803409F49DC040F48033B9F38833E9F681
:1054F0008093170585ECB0C0803509F485C08835E8
:1055000009F496C0883489F60E94F227CECF8839F4
:1055100009F48CC038F5883729F050F4883611F03A
:10552000803719F683E0809318051092160557C04E
:10553000883809F47BC0803919F0803809F0B5CF7C
:1055400080911605803208F071C0E091160581E067
:105550008E0F809316058091BB00F0E0EA50FB4F60
:1055600080833DC0803B39F0E0F4803A09F479C093
:10557000883A09F09ACF84E0809318051092F504D8
:105580001092F404E0914105F09142051995809143
:10559000F40481110FC081E08093F4041092D404CC
:1055A00009C0803C09F4A6CF883C09F4A3CF883B0E
:1055B00009F07BCFE091F50481E08E0F8093F50434
:1055C000F0E0EC52FB4F80818093BB009091F5049A
:1055D0008091F40429C080913D058093BB0085EC47
:1055E0008093BC0062CF90913C0580913B05981759
:1055F00058F5E0913C0581E08E0F80933C05F0E08A
:10560000E55EFA4F8081E9CFE0913C0581E08E0FA5
:1056100080933C058091BB00F0E0E55EFA4F80830B
:1056200090913C0580913B059817C8F285E8D8CF4A
:10563000E0913C0581E08E0F80933C058091BB009A
:10564000F0E0E55EFA4F808380911A0581115CCF0E
:1056500081E08093190584EA8093BC0010921805BC
:1056600024CF85EC8093BC0010921805809116051C
:10567000803230F4E0911605F0E0EA50FB4F1082E2
:105680006091160570E0E0913F05F091400586EFCE
:1056900094E019951092160508CF1092170534CF93
:1056A000CF92DF92EF92FF920F931F93CF93DF93EE
:1056B000CDB7DEB72C970FB6F894DEBF0FBECDBFC7
:1056C0008C016B0165EA73E00E94A926F80111863E
:1056D000128613861486158616861786108A118AF6
:1056E000128A65EA73E0C80143960E94A92665EA1A
:1056F00073E0CE0107960E94A9268AE0F80186830E
:10570000F12CE12CF8018681BE01695F7F4F8E1577
:105710001F04C1F0BCF0CE0101960E94A02660E6F5
:1057200074E0CE0101960E940926BC01CE010796C5
:105730000E948926CE0101960E949221FFEFEF1A66
:10574000FF0AE0CFCE0101960E94A026B601CE014D
:1057500001960E941F26BC01C8010E948926CE0125
:1057600001960E949221F8018481828B86E990E063
:1057700090878783CE0107960E9492212C960FB6C0
:10578000F894DEBF0FBECDBFDF91CF911F910F9177
:10579000FF90EF90DF90CF900895EF92FF920F93DC
:1057A0001F93CF93DF93CDB7DEB7A1970FB6F894D1
:1057B000DEBF0FBECDBF7C01CB01BA01F701118264
:1057C0001082138212821582148242E0420F8E01EF
:1057D0000F5F1F4F0E94B240009789F0BC01C701C4
:1057E0000E945326A1960FB6F894DEBF0FBECDBF20
:1057F000DF91CF911F910F91FF90EF900895C70116
:105800000E948021EFCFCF92DF92EF92FF92CF9351
:10581000DF93CDB7DEB762970FB6F894DEBF0FBE49
:10582000CDBF109281051092800528EEC22E23E094
:10583000D22EE12CF12CC0928205D0928305E09209
:105840008405F092850587E393E090937F0580932C
:105850007E0585EC90E090938B0580938A0584EC1F
:1058600090E090938D0580938C0580EC90E0909370
:105870008F0580938E0581EC90E090939105809345
:10588000900582EC90E0909393058093920586ECCE
:1058900090E090939505809394051092970510924F
:1058A00098051092990510929A051092A2061092EE
:1058B000A106C092A306D092A406E092A506F0929B
:1058C000A60689E493E09093A00680939F06109229
:1058D000B9071092B8071092BB071092BA0710923E
:1058E000BD071092BC071092BF071092BE0710921E
:1058F000C1071092C0071092C20781E993E090930C
:10590000B7078093B6076BEB73E083EC97E00E94D8
:10591000A92668EB73E089EC97E00E94A92665EC64
:1059200073E08FEC97E00E94A9261092A8071092CE
:10593000A7071092AA071092A9071092AC0710921D
:10594000AB071092AE071092AD071092B0071092FD
:10595000AF071092B10787E893E09093A607809372
:10596000A5071092B2071092B3071092B4071092D5
:10597000B5078BEA97E00E946E0985EA97E00E94DE
:10598000691980E090E0A0E8BFE48093A1079093BC
:10599000A207A093A307B093A40786E08093EF0625
:1059A00081E18093F00680E18093F10687E08093A7
:1059B000F20688E08093F30689E08093F4068FE294
:1059C0008093F50661E086E00E942B0A61E08091F9
:1059D000F0060E942B0A61E08091F1060E942B0ADA
:1059E00061E08091F2060E942B0A61E08091F3064B
:1059F0000E942B0A61E08091F4060E942B0A61E06C
:105A00008091F5060E942B0A61E08091EF060E94CA
:105A1000FD0960E08091F0060E94FD0960E0809140
:105A2000F1060E94FD0960E08091F2060E94FD09E6
:105A300060E08091F3060E94FD0960E08091F40629
:105A40000E94FD0960E08091F5060E94FD0980E852
:105A50009CE7A1E8BAE48093EB069093EC06A09350
:105A6000ED06B093EE061092AE061092AD0620E859
:105A700030E03093B0062093AF0680E490E090933E
:105A8000B2068093B1063093B4062093B306909388
:105A9000B6068093B5061092C1061092B806109211
:105AA000B7061092BA061092B90681E08093C0063C
:105AB0008093BF062FEF3FEF3093BE062093BD06C5
:105AC0003093BC062093BB068093C2061092C30697
:105AD0001092C5061092C4062BE533E03093AC0655
:105AE0002093AB061092C7061092C6062FE936E047
:105AF0003093C9062093C8061092CB061092CA06AE
:105B00009FEF9093CF069093D0069093D1069093F9
:105B1000D2069093D30640E055E36CE070E04093EA
:105B2000E0065093E1066093E2067093E30640932B
:105B3000E4065093E5066093E6067093E70690E569
:105B40009093E9061092EA0692E0909395061092DF
:105B50009606809397068093980610929A06109264
:105B60009906109287061092860610928806109267
:105B70009B0610929C0610929D0610929E0684E150
:105B800090E0A0E0B0E08093890690938A06A0930D
:105B90008B06B0938C068AEF90E0A0E0B0E0809393
:105BA0008D0690938E06A0938F06B0939006C092B8
:105BB0009106D0929206E0929306F092940660E0ED
:105BC00082E00E942B0A80919606811105C061E057
:105BD000809195060E94FD0983E080937C061092D7
:105BE0007D0681E080937E0680937F061092810679
:105BF0001092800610926E0610926D0610926F063B
:105C000010928206109283061092840610928506E6
:105C100084E190E0A0E0B0E080937006909371067C
:105C2000A0937206B09373068AEF90E0A0E0B0E014
:105C30008093740690937506A0937606B0937706CA
:105C400088EE93E0A0E0B0E0809378069093790628
:105C5000A0937A06B0937B0660E083E00E942B0A53
:105C600080917D06811105C061E080917C060E94D3
:105C7000FD0962E083E10E942B0A62E082E10E945A
:105C80002B0AEEE3F2E1E491F0E0EE0FFF1FEF5E8E
:105C9000FD4EA591B491B0935A06A0935906EEED2E
:105CA000F1E1649160935D06EDE3F2E1E491F0E0EF
:105CB000EE0FFF1FEF5EFD4E2591349130935C0691
:105CC00020935B06EDEDF1E1E491E0935E06109226
:105CD00060061092610610926206109263064BE312
:105CE0005FE1CA010197F1F79C91862F892391E02A
:105CF00009F490E0D9018C91E82309F0926029E53C
:105D000036E090935F06309324062093230682E5C5
:105D100099E19093AE028093AD02809169008F7CEF
:105D2000806180936900EA9A81E080936C063093E9
:105D300026062093250688E599E19093B00280938A
:105D4000AF02809169008F73806480936900EB9A41
:105D500082E080936C066091EB067091EC06809176
:105D6000ED069091EE060E94984320E23CEB4EEB4C
:105D70005CE40E949D450E942A4720E030E040E21A
:105D800051E40E949D45AB01BC0121E0CE01079684
:105D90000E94CD2B6EEC73E0CE0101960E94A926E5
:105DA000BE01695F7F4FCE0101960E941F2660EE03
:105DB00073E00E940926BC01CE010D960E94A02628
:105DC000BE01635F7F4F80E496E00E94502BCE01BE
:105DD0000D960E949221CE0101960E949221CE0141
:105DE00007960E94922120E040E050E068EC72E4C7
:105DF000CE0107960E94CD2B65EE73E0CE01019691
:105E00000E94A926BE01695F7F4FCE0101960E94C4
:105E10001F2666EF73E00E940926BC01CE010D9695
:105E20000E94A026BE01635F7F4F87E296E00E943A
:105E3000502BCE010D960E949221CE0101960E9418
:105E40009221CE0107960E94922162960FB6F89495
:105E5000DEBF0FBECDBFDF91CF91FF90EF90DF90FF
:105E6000CF900895CF93DF93CDB7DEB7E7970FB606
:105E7000F894DEBF0FBECDBF789484B5826084BD38
:105E800084B5816084BD85B5826085BD85B581603E
:105E900085BD80916E00816080936E0010928100BC
:105EA0008091810082608093810080918100816077
:105EB0008093810080918000816080938000809138
:105EC000B10084608093B1008091B00081608093C4
:105ED000B000809191008260809391008091910048
:105EE0008160809391008091900081608093900008
:105EF0008091A10082608093A1008091A1008160C7
:105F00008093A1008091A00081608093A000809187
:105F10002101826080932101809121018160809321
:105F200021018091200181608093200180917A007D
:105F3000846080937A0080917A00826080937A00F6
:105F400080917A00816080937A0080917A008068E5
:105F500080937A001092C10081E080935D0280916D
:105F6000CA069091CB06892B39F10E94602180915D
:105F7000B1069091B2066091AF067091B006813281
:105F800091050CF021C1AC014052510957FF02C0EC
:105F90004F5F5F4F559547956357710977FF02C073
:105FA0006F5F7F4F7595679590E2E92EF12C03E7BF
:105FB00010E02AEC38E020C12091B1063091B20601
:105FC000C901079697FD0796A3E095958795AA9531
:105FD000E1F72091AF063091B006AC01429FC001BD
:105FE000439F900D529F900D11240E941F4A909341
:105FF000CB068093CA06892B09F0B7CF01E0009346
:10600000C3060E946021E0918E05F0918F0512E099
:106010001083E0918A05F0918B051082E0918C0548
:10602000F0918D0580E1808310929605E0919205B4
:10603000F091930586E08083E0919005F0919105C1
:10604000808180618083E0919005F091910580814D
:1060500088608083E0919005F0919105808180684F
:106060008083E0919005F091910580818F7D808300
:1060700065EF7EE08EE795E00E94872368EE7EE084
:106080008EE795E00E94140B66E676E686E69FE3CF
:106090000E94132367ED7EE08EE795E00E94140BCB
:1060A0000E9429180E9413230E94291820E030E042
:1060B00040E251E40E94934387FF5EC261E08EE2BA
:1060C0000E942B0A61E08EE20E94FD090E9460217D
:1060D00081E090E09093BE068093BD069093BC064D
:1060E0008093BB0612E01093BF061093C00627E111
:1060F00030E03093B8062093B7069093BA068093A9
:10610000B9066EE97EE08BEA96E00E94140B1092CD
:10611000C20651E3E52EF12CF092B806E092B706E4
:1061200081E190E09093BA068093B90667E97EE03A
:106130008BEA96E00E94140BDD24D394D092BF0624
:10614000D092C006F092B806E092B70683E290E0E3
:106150009093BA068093B9066AE87EE08BEA96E0EF
:106160000E94140B1093BF061093C0068EE390E0BC
:106170009093B8068093B7068DE290E09093BA06AC
:106180008093B9066BEF73E08BEA96E00E94F721EB
:1061900060E3E62EF12C00E310E02AE63DE04BE060
:1061A00050E061E070E08BEA96E00E94E913D09243
:1061B000BF06D092C0060E94361F60E074E08EE7F2
:1061C00095E00E947323FFCFAC014054510957FF63
:1061D00002C04F5F5F4F559547956255710977FF34
:1061E00002C06F5F7F4F75956795E0E4EE2EF12C4E
:1061F00002E510E02AEA3AE08BEA96E00E94E91311
:1062000082E08093CD068091C8069091C906892BC3
:1062100009F4DFC08CE38093CC0610924405109201
:10622000430510927B0510927A050E94570D8BEF63
:106230009AE090934205809341058CEF9AE0909309
:10624000400580933F058091D30687FD1EC061E025
:106250000E942B0A61E08091D3060E94FD0961E053
:1062600070E080E090E00E94A90A60E08091D3068F
:106270000E94FD096AE070E080E090E00E94A90AB7
:1062800061E08091D3060E94FD098091C80690913B
:10629000C906892B09F42AC12091E0063091E10654
:1062A0004091E2065091E30660E074E284EF90E0F2
:1062B0000E94CD4420513109410951095695479515
:1062C000379527952093B80064E086EC98E00E940B
:1062D0001F1E6091B10661508BEA96E00E94D41EA9
:1062E00064E082EC98E00E941F1E8091CD0660E180
:1062F000813009F064E18BEA96E00E94D41E64E0EC
:106300008EEB98E00E941F1E8FE88093E806809134
:10631000AF069091B0068038910509F0FEC08091DB
:10632000B1069091B2068034910509F006C18091C2
:10633000CD06813009F014C18FE98093E80612E19F
:106340006AED8BEA96E00E94D41E612F8BEA96E0FC
:106350000E94D41E61E88BEA96E00E94D41E6091F0
:10636000E8068BEA96E00E94D41E69ED8BEA96E07F
:106370000E94D41E8091CD0662E2813009F061EF67
:106380008BEA96E00E94D41E66E088EB98E00E94BB
:106390001F1E8091C8069091C906892B09F4E2C09E
:1063A0002091E4063091E5064091E6065091E7061B
:1063B00060E074E284EF90E00E94CD442051310906
:1063C0004109510956954795379527952093B8006F
:1063D00015CE61E08091D1060E942B0A61E0809188
:1063E000D2060E942B0A8091D106082E000C990B30
:1063F000FC01E55DFD4EE491F0E0EE0FFF1FE95971
:10640000FE4E259134913093D9062093D806FC0195
:10641000E553FE4EE491E093DE068091D206082E0D
:10642000000C990BFC01E55DFD4EE491F0E0EE0FF0
:10643000FF1FE959FE4EA591B491B093DB06A093DE
:10644000DA06FC01E553FE4EE491E093DF068C9101
:10645000E82BEC938091C6069091C706892B19F022
:106460000E94FA0CF0CE61E08091CF060E942B0AC8
:1064700061E08091D0060E942B0A8091CF06082E01
:10648000000C990BFC01E55DFD4EE491F0E0EE0F90
:10649000FF1FE959FE4E259134913093D506209384
:1064A000D406FC01E553FE4EE491E093DC068091B6
:1064B000D006082E000C990BFC01E55DFD4EE49121
:1064C000F0E0EE0FFF1FE959FE4EA591B491B09395
:1064D000D706A093D606FC01E553FE4EE491E09367
:1064E000DD068C91E095E823EC93ADCE8091C60655
:1064F0009091C706892B31F08091E9069091EA06C8
:106500000E945F17E091DA06F091DB06908180919E
:10651000DF06809589238083D7CE8036910589F464
:106520008091B1069091B206409739F48091CD06E2
:10653000813029F480E18093E80612E001CF8FEAF0
:10654000FACF80349105C9F78091B1069091B206D7
:10655000809799F78091CD06813011F480E1EDCEDE
:106560008FECEBCEE091DA06F091DB068081909122
:10657000DF06892B808342CD0E94291820E030E07D
:1065800040E651E40E94D54618160CF497CD0E94BF
:1065900060210093C3061093BF061093C006EE243B
:1065A000E394F12CF092BE06E092BD06F092BC0698
:1065B000E092BB061092B8061092B7061092BA0687
:1065C0001092B90661ED7EE08BEA96E00E94140B12
:1065D0000093BF060093C0064EE3C42ED12CD09288
:1065E000B806C092B7061092BA061092B90668ECC7
:1065F0007EE08BEA96E00E94140BD092B806C0921F
:10660000B70688E090E09093BA068093B90661ECF3
:106610007EE08BEA96E00E94140B22E046E656E606
:1066200066E67FE38BEA96E00E9484221092B80629
:106630001092B70680E190E09093BA068093B90675
:106640001093BF061093C0066BEB7EE08BEA96E0DA
:106650000E94140B66EB7EE08BEA96E00E94140B1E
:10666000F092BE06E092BD06F092BC06E092BB0638
:106670006CEA7EE08BEA96E00E94872366EA7EE081
:106680008BEA96E00E9487230E94361F60ED77E038
:1066900080E090E00E94A90A86E896E00E946C0CD7
:1066A00080918806882351F06FEF85E690E00E9484
:1066B000BF446FEF84E690E00E94BF4423E432E0E1
:1066C00046E352E0509346024093450269E272E08D
:1066D0007093390260933802ECE1F2E0F0932C02FF
:1066E000E0932B0280E592E090931F0280931E02BC
:1066F0003093530220935202F0935502E0935402D8
:10670000709321026093200250932E0240932D0239
:1067100030933B0220933A029093480280934702C1
:1067200086EB97E068E772E07093B9076093B8076B
:10673000E5EAF7E0F0937B02E0937A022FE032E0A3
:106740003093A8072093A70742E052E0509312022B
:10675000409311029093050280930402AEE5B2E0EB
:10676000B0936E02A0936D02309361022093600299
:106770003093070220930602F0931402E093130271
:106780007093AA076093A90790937D0280937C027F
:106790005093BB074093BA072BE632E03093630275
:1067A000209362029093700280936F0281E090E0E8
:1067B00090934C0280934B0210924E0210924D0225
:1067C00087EE93E090933F0280933E021092410245
:1067D0001092400290933202809331021092340260
:1067E0001092330290932502809324021092270284
:1067F0001092260284E490E090935902809358020C
:1068000010925B0210925A0282E090E09093BF07D0
:106810008093BE071092C1071092C00787E090E0F6
:1068200090938102809380021092830210928202E0
:106830000E945818609367057093680580936905F6
:1068400090936A0580E099EFA2E0B5E98093B207E2
:106850009093B307A093B407B093B5078AE090E094
:106860009093B0078093AF078FEF90E09093AE07BF
:106870008093AD078091AB079091AC078F3F910556
:1068800039F034F00E94A3179093AC078093AB07C4
:10689000E0917E02F0917F02EE0FFF1FEE0FFF1FCF
:1068A000E858FD4FC584D684E784F088A091AB07F3
:1068B000B091AC07A70196010E941945660F771F9A
:1068C000881F991F613074438B459D4930F00E94A9
:1068D000A3179093AC078093AB078091AB0790917F
:1068E000AC070A9734F40E9465179093AC07809325
:1068F000AB07A091AB07B091AC07A70196010E942E
:106900001945660F771F881F991F611578418D40C3
:106910009F4830F40E9465179093AC078093AB07B3
:1069200085EA97E00E94691910927602109275022A
:1069300084E090E090937402809373021092690255
:106940001092680287EE93E090936702809366024C
:1069500081E090E090937202809371021092650240
:106960001092640261E087E30E942B0A61E086E3F3
:106970000E942B0A61E08BE30E942B0A61E08CE30A
:106980000E942B0A60E08BE30E94FD0960E086E331
:106990000E94FD0960E087E30E94FD0984E690E023
:1069A0000E94B744873309F4E1C110924A02109261
:1069B000490284E690E090933D0280933C0210925D
:1069C000300210922F021092230210922202109293
:1069D0005702109256020E94D2218091AB079091EB
:1069E000AC078F3F910539F034F00E94A3179093C4
:1069F000AC078093AB07E0917E02F0917F02EE0F2F
:106A0000FF1FEE0FFF1FE858FD4FC584D684E784B3
:106A1000F088A091AB07B091AC07A70196010E9446
:106A20001945660F771F881F991F613074438B4586
:106A30009D4930F00E94A3179093AC078093AB0759
:106A40008091AB079091AC070A9734F40E946517C8
:106A50009093AC078093AB07A091AB07B091AC07C4
:106A6000A70196010E941945660F771F881F991F7D
:106A7000611578418D409F4830F40E9465179093CE
:106A8000AC078093AB0785EA97E00E9469190E94E2
:106A90005818609367057093680580936905909313
:106AA0006A0583E492E090936F0580936E0549E157
:106AB00050E060E070E04093890650938A0660934E
:106AC0008B0670938C068AE090E0A0E0B0E08093A3
:106AD0008D0690938E06A0938F06B093900688EE55
:106AE00093E0A0E0B0E08093910690939206A0938B
:106AF0009306B0939406409370065093710660938A
:106B000072067093730641E050E060E070E04093DD
:106B1000740650937506609376067093770680939B
:106B2000780690937906A0937A06B0937B0661E08D
:106B30008AE00E942B0A61E08BE00E942B0A61E050
:106B40008CE00E942B0A61E08DE00E942B0A61E03C
:106B50008EE20E942B0A61E085E00E942B0A61E030
:106B600081E10E942B0A61E08AE00E94FD0960E059
:106B70008BE00E94FD0960E08CE00E94FD0960E06E
:106B80008DE00E94FD0960E085E00E94FD0960E063
:106B90008EE20E94FD090E94FA0C8CB58C7F8CBDA0
:106BA0008DB581608DBD8CB5837F8CBD8CB58F7D9F
:106BB0008CBD1091AB070E948919E42F412FB901B8
:106BC0008E2F952F0E94E91B0E949C1B0E94BF1BC9
:106BD0000E9458180E94CF1C609156027091570273
:106BE000072E000C880B990B0E949A430E944621A5
:106BF00010929E0760E08091F2060E94FD0960E01D
:106C00008091F3060E94FD0960E08091F4060E94E5
:106C1000FD0961E08FE20E942B0A61E08FE20E9491
:106C2000FD090E94F423F8EE4F2EF3E05F2E612C55
:106C3000712C0E94EF0A00914A0510914B0520919A
:106C40004C0530914D05601B710B820B930B653623
:106C500071058105910570F10E94EF0A60934A0564
:106C600070934B0580934C0590934D0589E30E94EA
:106C7000670ABC01990F880B990B0E949A432091D7
:106C800046053091470540914805509149050E94BD
:106C9000314560934605709347058093480590936E
:106CA000490520914505243608F07FC081E0820F18
:106CB000809345058091010280937005843608F425
:106CC000AFC061E08EE20E94FD090E94602111E0E8
:106CD0001093C30682E08093BF068093C00681E0D4
:106CE00090E09093BE068093BD069093BC0680937F
:106CF000BB061092C20626E030E03093B80620931F
:106D0000B7069093BA068093B9066EE174E08BEAF9
:106D100096E00E94F7211093BF061093C0068EE202
:106D200090E09093B8068093B7068BE190E0909343
:106D3000BA068093B90669E274E08BEA96E00E9495
:106D4000F72181E290E09093B8068093B70689E23C
:106D500090E09093BA068093B90660E374E08BEA02
:106D600096E00E94F7210E94361FFFCF69E472E08F
:106D700086E190E00E949A216CE372E088E190E065
:106D80000E949A216FE272E08CE190E00E949A21C9
:106D900062E272E080E290E00E949A2166E572E091
:106DA00084E290E00E949A2172CE109245051092E2
:106DB000460510924705109248051092490520E0BB
:106DC00030E048EC52E40E949D450E944B469B01F6
:106DD000AC01ACE5B1EC0E940E452FEF33E040E092
:106DE00050E00E94EF44CA01B9010E949A430E94F8
:106DF0004B469B01AC01285E334041095109A5EA8D
:106E0000B0E00E940E4524E730E440E050E00E94EC
:106E1000EF442852310941095109209301024ACF18
:106E20008EE795E00E94960B892BC9F1EEE4EE2ED9
:106E3000E5E0FE2E670110E000E00E94EF0A60939B
:106E400086057093870580938805909389058EE762
:106E500095E00E94740B97FD02C00C945B400E9469
:106E6000EF0A8090860590908705A0908805B090E5
:106E70008905681979098A099B0980908205909093
:106E80008305A0908405B0908505681579058A056D
:106E90009B05E8F20115110511F00C946A408091F0
:106EA0006C06823008F0F7C2F89489E596E00E94FB
:106EB00093188090600690906106A0906206B09052
:106EC0006306789410926006109261061092620632
:106ED00010926306840186E896E00E946C0C8DE6B1
:106EE00096E00E946C0C809186069091870601972F
:106EF00079F480916E0590916F05DC01ED91FC9124
:106F00000480F581E02D60916D05199580936D05E4
:106F10008091860690918706019669F48091880693
:106F2000882349F086EB97E090936F0580936E0578
:106F300081E080936C0580916D0690916E06181625
:106F400019066CF480916B0591E0892780936B059D
:106F5000882309F4A2C261E08EE20E94FD090E942A
:106F6000EF0AC0906305D0906405E0906505F0904D
:106F700066056C197D098E099F09683E734081057D
:106F8000910508F0B4C28091620561E0811101C0F1
:106F900060E08CE30E94FD09101611060CF0E8C2B7
:106FA00080916E0590916F0520916D05213009F05B
:106FB000D7C2DC01ED91FC910190F081E02DB4018C
:106FC00019950E945818609367057093680580931F
:106FD000690590936A050E94CF1C609156027091DA
:106FE0005702719561957109072E000C880B990B5A
:106FF0000E949A430E94462180916C05811102C033
:107000000E94D221F0906C05FF2009F4C7C2F1E084
:10701000FF1609F41BC60E943B0C0BCEC601880F5D
:10702000991FC114E0E4DE0614F08FEF9FEF0E9479
:107030001F4A8C01892B09F43FC18EE495E0D801E9
:107040008D939C9390E080E0F70121917F012111C5
:1070500045C07801312C212C9E01215D3F4F3DAB75
:107060002CABAE014D5C5F4F5FAB4EABD7018C914B
:1070700011969C91B2E0EB0EF11CEDA9EF93FCA9E7
:10708000FF932FA92F933EA93F934CE354E05F93C6
:107090004F939F938F930E94414C0FB6F894DEBF9D
:1070A0000FBECDBF8BA98D3409F4DAC12CF5853420
:1070B00009F49DC1863409F487C0843409F0D7C12E
:1070C0006BEA70E18EE795E00E94872361E08EE233
:1070D0000E94FD0981E080936B05E7C02B3309F026
:1070E000B3CF319710820196FC01EE0FFF1FE00F26
:1070F000F11FF182E082A8CF863509F4AAC1883653
:1071000009F4C6C1803509F0B2C160915A0270918C
:107110005B028FA498A8A9A8BAA880915802909160
:107120005902919581959109092E000CAA0BBB0B70
:1071300088169906AA06BB065CF0CB01072E000C48
:10714000AA0BBB0B88159905AA05BB050CF031C12C
:10715000CE0101960E945D266091580270915902FD
:10716000CE0183960E945D2664E674E0CE01899686
:107170000E94A926BE016D5D7F4FCE0189960E94B7
:107180001F266EE574E00E940926BE016F5F7F4FE7
:107190000E941F2662E674E00E940926BC018EE769
:1071A00095E00E94060B63EA73E08EE795E00E948B
:1071B000F721CE0189960E949221CE0183960E94EA
:1071C0009221CE010196F2C06091EB067091EC061F
:1071D0008091ED069091EE068FA498A8A9A8BAA870
:1071E000F0EA8F16F6E89F06F1E0AF06B1040CF462
:1071F00084C0681579058A059B050CF47EC068EC8F
:1072000070E18EE795E00E94140B4FA558A969A97B
:107210007AA98EE795E00E94522263EA73E08EE736
:1072200095E00E94F7218FA498A8A9A8BAA88092F7
:10723000670590926805A0926905B0926A05C5013C
:10724000B401A30192010E94EF4470932302609362
:107250002202CA01B901A30192010E94EF44709376
:10726000300260932F02C501B40120E432E44FE004
:1072700050E00E94EF44CA01B901A30192010E94AB
:10728000EF4470933D0260933C02C501B40120E0DD
:107290003AEC4AE95BE30E94EF442FA738AB49ABD5
:1072A0005AAB30934A02209349022FEF221A320A36
:1072B0002C143D0409F0DACE6091670570916805E1
:1072C0008091690590916A050E94CF1C60915602D9
:1072D00070915702719561957109072E000C880B0A
:1072E000990B0E949A430E9446210115110509F449
:1072F000D6CDC8010E94BB4AD2CD1CA21BA21EA2A1
:107300001DA218A61FA22AE0AE014F5F5F4F0E9488
:10731000F340BE016F5F7F4FCE0183960E945326DC
:107320001AA619A61CA61BA61EA61DA62AE0AE011B
:107330004F5F5F4F60EA76E881E090E00E94E440B2
:10734000BE016F5F7F4FCE0189960E94532662E493
:1073500074E0CE0101960E94A926BE01675D7F4FB1
:10736000CE0101960E941F266EE574E00E94092658
:10737000BE016D5D7F4F0E941F2662E674E00E9491
:107380000926BC018EE795E00E94060B63EA73E0D4
:107390008EE795E00E94F721CE0101960E9492218E
:1073A000CE0189960E949221CE0183960E9492215D
:1073B0007CCF6BEB70E18EE795E00E94140B4FA53C
:1073C00058A969A97AA98EE795E00E94522263EA3A
:1073D00073E08EE795E00E94F7218FA598A991951B
:1073E0008195910990935702809356025ECF6CE984
:1073F00070E18EE795E00E94872360E08EE20E94B4
:10740000FD0910926B05B090AB070E948919E42F1B
:107410004B2DB9018E2F952F0E94E91B0E949C1BBA
:107420000E94BF1B0E9458180E94CF1C60915602F8
:1074300070915702072E000C880B990B0E949A43FB
:107440000E9446216DE774E08EE795E00E94732369
:107450002CCF66E676E686E69FE30E94132325CFCF
:107460006DE870E18EE795E00E9487231ECF66E30A
:107470007FE08EE795E00E94140B6BA98EE795E004
:107480000E94FF0A63EA73E08EE795E00E94F7210D
:1074900067E47FE0E7CFF8940CCD60E08EE20E94D5
:1074A000FD09F090AB070E948919E42F4F2DB90117
:1074B0008E2F952F0E94E91B0E949C1B0E94BF1BD0
:1074C0000E9458180E94CF1C60915602709157027A
:1074D000072E000C880B990B0E949A430E944621AC
:1074E0006DE774E08EE795E00E94732338CD0E942B
:1074F000EF0A60936305709364058093650590932C
:10750000660560E08091EF060E94FD098BE90E940C
:107510006B1B80E00E946B1B90E0B0E0A0E0CC24ED
:10752000D82EE92EFA2E80E00E946B1BC82AFE2C72
:10753000ED2CDC2CCC2480E00E946B1BC82AFE2C96
:10754000ED2CDC2CCC2480E00E946B1B61E0809150
:10755000EF060E94FD098F2D81708093620515CD85
:10756000FC018281938190936F0580936E054ACDD3
:10757000012B09F447CD80916E0590916F05209104
:107580006D05213039F4DC01ED91FC910280F3812D
:10759000E02D15CDFC0184819581E5CF0E9460210D
:1075A00082E08093BF068093C00601E010E0109354
:1075B000BE060093BD061093BC060093BB06109256
:1075C000B8061092B7061092BA061092B90662E495
:1075D00071E18BEA96E00E94872381E08093BF06E9
:1075E0008093C0061093BE060093BD061093BC06A0
:1075F0000093BB061092B8061092B70680E190E0A7
:107600009093BA068093B90667E371E18BEA96E03E
:107610000E94140B80916B05882331F062E371E1C5
:107620008BEA96E00E94140B87E690E09093B806F0
:107630008093B70680E190E09093BA068093B906F4
:107640006091700570E042E0CE0101960E94A4278F
:10765000BE016F5F7F4F8BEA96E00E94060BCE0162
:1076600001960E94922184E790E09093B80680935F
:10767000B7068EE090E09093BA068093B90621E0B9
:1076800030E040E150E066E770E08BEA96E00E946F
:10769000AF1621E030E040E150E067E770E08BEAB0
:1076A00096E00E94AF1621E030E041E150E065E74E
:1076B00070E08BEA96E00E94AF1621E030E042E1F4
:1076C00050E065E770E08BEA96E00E94AF1621E09B
:1076D00030E043E150E066E770E08BEA96E00E941C
:1076E000AF1621E030E043E150E067E770E08BEA5D
:1076F00096E00E94AF1621E030E042E150E068E7FA
:1077000070E08BEA96E00E94AF1621E030E041E1A4
:1077100050E068E770E08BEA96E00E94AF168AE7D7
:1077200090E09093B8068093B70681E190E0909343
:10773000BA068093B90660E371E18BEA96E00E9495
:10774000140B21E030E047E250E06BE070E08BEAA0
:1077500096E00E94AF1621E030E048E250E06BE096
:1077600070E08BEA96E00E94AF1621E030E047E23D
:1077700050E06CE070E08BEA96E00E94AF1621E0EA
:1077800030E048E250E06CE070E08BEA96E00E9466
:10779000AF1682E08093BF068093C00680916E058D
:1077A00090916F058354924009F0F5C180914F028A
:1077B000882309F4EBC18FE492E00E94E01790E087
:1077C0009093BC068093BB0681E090E09093BE0648
:1077D0008093BD0601E010E01093B8060093B70651
:1077E0008AE190E09093BA068093B90640914902ED
:1077F00050914A02052E000C660B770B8BEA96E03F
:107800000E94522221E030E047E250E06FE270E057
:107810008BEA96E00E94AF1621E030E048E250E0AB
:107820006FE270E08BEA96E00E94AF1621E030E054
:1078300047E250E060E370E08BEA96E00E94AF160A
:1078400021E030E048E250E060E370E08BEA96E04F
:107850000E94AF1680916E0590916F0586539240FD
:1078600009F0A9C180914202882309F49FC182E4F2
:1078700092E00E94E01790E09093BC068093BB06D4
:107880001093BE060093BD0660913C0270913D02CC
:1078900043E0CE0101960E94A427BE016F5F7F4F97
:1078A0008BEA96E00E94060BCE0101960E9492217F
:1078B00021E030E047E250E063E570E08BEA96E0DB
:1078C0000E94AF1621E030E048E250E063E570E04E
:1078D0008BEA96E00E94AF1621E030E047E250E0EC
:1078E00064E570E08BEA96E00E94AF1621E030E09C
:1078F00048E250E064E570E08BEA96E00E94AF1643
:1079000080916E0590916F058952924009F061C196
:1079100080913502882309F457C185E392E00E94E3
:10792000E01790E09093BC068093BB0681E090E066
:107930009093BE068093BD0660912F027091300235
:1079400043E0CE0101960E94A427BE016F5F7F4FE6
:107950008BEA96E00E94060BCE0101960E949221CE
:1079600080916E0590916F058C51924009F041C154
:1079700080912802882309F437C188E292E00E94AE
:10798000E01790E09093BC068093BB0681E090E006
:107990009093BE068093BD066091220270912302EF
:1079A00043E0CE0101960E94A427BE016F5F7F4F86
:1079B0008BEA96E00E94060BCE0101960E9492216E
:1079C00081E08093BF068093C00681E090E09093B1
:1079D000BE068093BD069093BC068093BB061092B2
:1079E000B8061092B7068AE290E09093BA068093A8
:1079F000B90665E271E18BEA96E00E94140B809172
:107A0000670590916805A0916905B0916A0540915C
:107A1000EB065091EC066091ED067091EE0648176A
:107A200059076A077B0708F4EFC067E276E0803AFF
:107A30009648A140B10508F4E9C082E08093BF06F2
:107A40008093C00681E090E09093BE068093BD06CF
:107A50009093BC068093BB069093B8068093B706BC
:107A600082E390E09093BA068093B9068091560223
:107A7000909157021816190634F463E271E18BEA0B
:107A800096E00E94140B8091560290915702892B28
:107A900031F461E271E18BEA96E00E94140B80916F
:107AA0006E0590916F058055924009F0C4C0809199
:107AB0005C02882309F4BAC08CE592E00E94E017CA
:107AC00090E09093BC068093BB0681E090E0909399
:107AD000BE068093BD06609156027091570277FFF3
:107AE00003C071956195710942E0CE0101960E9433
:107AF000A427BE016F5F7F4F8BEA96E00E94060BC2
:107B0000CE0101960E949221FF24F394F092BF06C9
:107B1000F092C00601E010E01093BE060093BD068F
:107B20001093BC060093BB0685E290E09093B806E4
:107B30008093B70688E3C82ED12CD092BA06C092A3
:107B4000B9066DE171E18BEA96E00E948723F0921D
:107B5000BF06F092C0061093BE060093BD061093B8
:107B6000BC060093BB0688E490E09093B80680932F
:107B7000B706D092BA06C092B90664E171E18BEA09
:107B800096E00E9487230E94361F45CA1092BC06C9
:107B90001092BB0619CE81E090E09093BE068093D0
:107BA000BD069093BC068093BB0614CE1092BC0613
:107BB0001092BB0665CE1093BE060093BD061093CF
:107BC000BC060093BB0660CE1092BC061092BB06AA
:107BD000ADCE81E090E09093BE068093BD06909379
:107BE000BC068093BB06A8CE1092BC061092BB06C2
:107BF000CDCE81E090E09093BE068093BD06909339
:107C0000BC068093BB06C8CE60E476E0CE01019648
:107C10000E94BA26BE016F5F7F4F8BEA96E00E94FA
:107C2000060BCE0101960E94922107CF1092BC064E
:107C30001092BB064ACF81E090E09093BE068093FD
:107C4000BD069093BC068093BB0645CF0E94602181
:107C500082E08093BF068093C00601E010E010939D
:107C6000BE060093BD061093BC060093BB0688E2D7
:107C700090E09093B8068093B7061092BA061092DF
:107C8000B906F092C3066EE071E18BEA96E00E94BD
:107C900087231093BE060093BD061093BC06009385
:107CA000BB06F092BF06F092C0061092B806109282
:107CB000B70681E190E09093BA068093B90664E03C
:107CC00071E18BEA96E00E94140B84E390E09093BC
:107CD000B8068093B70682E190E09093BA0680934D
:107CE000B90662E071E18BEA96E00E94140B809184
:107CF0006E0590916F05865B974091F48091C20765
:107D0000882309F464C182EC97E00E94E01790E0B8
:107D10009093BC068093BB061093BE060093BD06ED
:107D20008091BC079091BD0726E0289FB001299F54
:107D3000700D11246D53784FDB0114968D919C9139
:107D40000C9708F049C18AE390E09093B8068093BD
:107D5000B70681E190E09093BA068093B9068BEA6A
:107D600096E00E94060B01E010E01093BE0600931F
:107D7000BD061093BC060093BB061092B806109285
:107D8000B7068AE190E09093BA068093B90667EF50
:107D900070E18BEA96E00E94140B8AE390E09093E6
:107DA000B8068093B7068BE190E09093BA06809373
:107DB000B90665EF70E18BEA96E00E94140B209102
:107DC000BC073091BD0780916E0590916F05223000
:107DD000310508F009C18857924091F480918402DE
:107DE000882309F4FCC084E892E00E94E01790E048
:107DF0009093BC068093BB061093BE060093BD060D
:107E0000E0917E02F0917F02EE0FFF1FEE0FFF1F49
:107E1000E858FD4F658576858785908920E432E4B2
:107E20004FE050E00E94CD44BA01A9012AE08BEA5C
:107E300096E00E94062201E010E01093BE06009337
:107E4000BD061093BC060093BB0660EF70E18BEAA1
:107E500096E00E94140B81E08093BF068093C006D9
:107E60001092B8061092B706B3E2EB2EF12CF09206
:107E7000BA06E092B90665EE70E18BEA96E00E94E0
:107E8000140B89E390E09093B8068093B706F092C4
:107E9000BA06E092B90663EE70E18BEA96E00E94C2
:107EA000140B80E490E09093B8068093B706F092AC
:107EB000BA06E092B9061093BE060093BD06109371
:107EC000BC060093BB0680916E0590916F05855AA4
:107ED000974091F48091B107882309F4E7C081EBC2
:107EE00097E00E94E01790E09093BC068093BB0659
:107EF0001093BE060093BD060E948919E0E4AE2EE1
:107F0000F2E4BF2EAFE0CA2ED12CE12CF12C00E020
:107F100010E00E943C49E22F2AE0BA014E2F532F75
:107F20008BEA96E00E94062201E010E01093BE0664
:107F30000093BD061093BC060093BB066EED70E186
:107F40008BEA96E00E94140B1092B8061092B706C6
:107F500087E390E09093BA068093B90680916E050E
:107F600090916F058F50924041F41092BC06109290
:107F7000BB061093BE060093BD0669ED70E18BEA67
:107F800096E00E94872381E090E09093BE06809364
:107F9000BD069093BC068093BB0687E690E0909365
:107FA000B8068093B70687E390E09093BA06809373
:107FB000B90680916E0590916F058250924021F430
:107FC0001092BC061092BB0664ED70E1D8CD109201
:107FD000BC061092BB06A0CE88E390E0B6CE10920D
:107FE000BC061092BB0608CF8B56924091F480914C
:107FF0007702882309F450C087E792E00E94E017D7
:1080000090E09093BC068093BB061093BE0600934D
:10801000BD064091710250917202052E000C660B54
:10802000770B8BEA96E00E94522201E010E0109359
:10803000BE060093BD061093BC060093BB0680915C
:108040006E0590916F058E55924089F480916A0279
:10805000882339F18AE692E00E94E01790E090933D
:10806000BC068093BB061093BE060093BD066091CC
:1080700064027091650243E0CE0101960E94A4273C
:10808000BE016F5F7F4F8BEA96E00E94060BCE0128
:1080900001960E949221CFCE1092BC061092BB0690
:1080A000B4CF1092BC061092BB06E1CF1092BC0672
:1080B0001092BB0621CF8A30910511F40C944A37F7
:1080C000D6018D936D010F5F1F4F0E36110511F014
:1080D0000C941D37F801E25BFA4F10821FA618AA14
:1080E00019AA1AAAEEE4F5E0CC24C394D12C81910C
:1080F000882311F40C940E388B33C9F7BFEFCB1AD9
:10810000DB0AF5CF8AE396E00E94922187E296E0AF
:108110000E94922183E596E00E94922180E496E0FD
:108120000E9492218BE593E09093AC068093AB067E
:108130008091CA069091CB06009711F00E94BB4A2D
:1081400081E993E09093B7078093B6078FEC97E0AF
:108150000E94922189EC97E00E94922183EC97E0A3
:108160000C949221EF920F931F93CF93DF93E8012A
:1081700034E047FD34E1042E000C550B57FF03C0DB
:10818000519541955109E32E022F242FAE010E94F3
:108190002F41CE01DF91CF911F910F91EF90089564
:1081A00091110C948043803219F089508550C8F7A2
:1081B0000895BB274A3031F4992322F4BDE290950B
:1081C00081959F4F0C941641BB272A3051F4992377
:1081D00042F4BDE290958095709561957F4F8F4FE9
:1081E0009F4F0C94F440BB27FA01A62F621771052C
:1081F00081059105330B30FB66F0AA27660F771FC8
:10820000881F991FAA1FA21710F0A21B6395385050
:10821000A9F7A05DAA3308F0A95DA19336F7B111C3
:10822000B1931082CA010C948343BB27FB015527ED
:10823000AA27880F991FAA1FA41710F0A41B8395C3
:108240005051B9F7A05DAA3308F0A95DA19300973A
:1082500079F7B111B1931192CB010C9483438F92B2
:108260009F92AF92BF92CF92DF92EF92FF920F93C5
:108270001F93CF93DF9300D000D000D0CDB7DEB7EF
:108280006A01F22EB02E102FFBE3AF2EA01608F4D9
:108290001BE31F5F012F27E0AE014F5F5F4F0E947E
:1082A000A842BC018981982F9970913009F44EC081
:1082B0009BE2E1FC04C09E2D9170E0FC49C05E2D64
:1082C0005071E82FE87083FF55C084E0911101C020
:1082D00083E0EF2DE81B8F1508F0E0E0D6018E2F2C
:1082E00020E25523C9F1992329F0D6019C93C601B8
:1082F00001966C0196012D5F3F4FE2FE33C08EE484
:10830000D6018C9391E411969C93119712968C93BD
:10831000D9018E2F90E281112AC0E20FF32FF11DB7
:1083200010828EEF9FEF29960FB6F894DEBF0FBE36
:10833000CDBFDF91CF911F910F91FF90EF90DF9014
:10834000CF90BF90AF909F908F9008959DE2B7CF50
:1083500090E2B5CF2D9381508111FCCFCE0ED11C70
:10836000E0E0C1CF8EE6D6018C9391E6CCCF9D9311
:108370008150D1CF482F447082FF3DC084E09111DD
:1083800001C083E08F1510F4EF2DE81BD6018E2F6E
:1083900020E2552309F1992329F0D6019C93C601C7
:1083A00001966C0196012D5F3F4FE2FE1BC089E4F0
:1083B000D6018C938EE411968C93119786E41296D5
:1083C0008C93D9018E2F90E2882309F4A6CF9D9338
:1083D0008150FACF2D9381508111FCCFCE0ED11C4C
:1083E000E0E0D9CF89E6D6018C938EE611968C9386
:1083F000119786E6E4CF9B0177FF02C030E020E0D2
:10840000A1E0B0E0911102C0B0E0A0E0F901319626
:10841000AE0FBF1F8B2C912CBB2009F461C05401FF
:10842000EFEFAE1ABE0AAA0DBB1DFA161B0619F015
:1084300014F04F2D4A1B511188C0E3FC59C076013E
:10844000A42FB0E2A1114FC0C40ED11C992309F48E
:108450005BC040E0D6011196F60190836D01552373
:1084600009F448C0012F060F9A81582F507184FFDC
:1084700003C0913309F4015010160CF047C00930C5
:1084800008F008E0EEE2FE2E5B01A01AB1088501BB
:108490009194819491082F3F320729F4D601FC92E0
:1084A000F60131966F016217730794F102171307F3
:1084B0007CF5DB01A21BB30BAA24A394B12CAC0E58
:1084C000BD1EAA0DBB1D11968C9121503109D601FC
:1084D000119628153905F4F0F60180836D01DBCF84
:1084E000B12CA12CA0CFF701B1937F01A150AACF4D
:1084F0009111B0CFD601942F50E302C05D939150FB
:108500009111FCCFC40ED11C40E0ACCF01E0BACF3A
:1085100080E3DBCF6217730731F4963388F4953329
:1085200011F4552369F0F6018083FD01842F90E258
:10853000811108C0A40FB11D1C9290E080E0F3CE21
:1085400081E3F1CF91938150F3CF911183CF8ACF03
:10855000283008F027E03327DA01990F311D87FD15
:10856000916000966105710539F432602E5F3D938C
:1085700030E32A95E1F708959F3F30F08038710588
:10858000610509F03C5F3C5F3D93913008F08068E5
:10859000911DDF93CF931F930F93FF92EF92192FAB
:1085A000987F9695E92F96959695E90FFF27E450C9
:1085B000FD4F99273327EE24FF24A701E7010590FB
:1085C0000894079428F4360FE71EF81E491F511D22
:1085D000660F771F881F991F0694A1F705900794CF
:1085E00028F4E70EF81E491F561FC11D770F881F7C
:1085F000991F661F0694A1F70590079428F4F80EBA
:10860000491F561FC71FD11D880F991F661F771F4F
:108610000694A1F70590079420F4490F561FC71F31
:10862000D81F990F661F771F881F0694A9F784919A
:108630001095177041F0D695C79557954795F794C3
:10864000E7941A95C1F7E2EAF2E068941590159163
:1086500035916591959105907FE27395E118F10A46
:10866000430B560BC90BD009C0F7E10CF11E431F99
:10867000561FC91FD01D7EF4703311F48A95E6CFC2
:10868000E894015030F0080F0AF40027021708F4AC
:10869000202F2395022F7A3328F079E37D932A95B2
:1086A000E9F710C07D932A9589F60694979567950A
:1086B000379517951794E118F10A430B560BC90B20
:1086C000D00998F023957E9173957A3308F070E382
:1086D0007C932013B8F77E9170617D9330F0839581
:1086E00071E37D9370E32A95E1F71124EF90FF90F9
:1086F0000F911F91CF91DF91992787FD9095089554
:10870000992788270895DC01FC01672F7191772351
:10871000E1F7329704C07C916D9370836291AE173C
:10872000BF07C8F308950E94D54308F481E0089577
:10873000E89409C097FB3EF49095809570956195FB
:108740007F4F8F4F9F4F9923A9F0F92F96E9BB27B1
:108750009395F695879577956795B795F111F8CF2D
:10876000FAF4BB0F11F460FF1BC06F5F7F4F8F4F98
:108770009F4F16C0882311F096E911C0772321F08E
:108780009EE8872F762F05C0662371F096E8862F26
:1087900070E060E02AF09A95660F771F881FDAF77D
:1087A000880F9695879597F90895990F0008550FAA
:1087B000AA0BE0E8FEEF16161706E807F907C0F067
:1087C00012161306E407F50798F0621B730B840B6F
:1087D000950B39F40A2661F0232B242B252B21F449
:1087E00008950A2609F4A140A6958FEF811D811DE9
:1087F00008950E940C440C947D440E946F4438F00C
:108800000E94764420F0952311F00C9466440C9459
:108810006C4411240C94B1440E948E4470F3959FD3
:10882000C1F3950F50E0551F629FF001729FBB2767
:10883000F00DB11D639FAA27F00DB11DAA1F649F03
:108840006627B00DA11D661F829F2227B00DA11DB6
:10885000621F739FB00DA11D621F839FA00D611D3C
:10886000221F749F3327A00D611D231F849F600D5D
:10887000211D822F762F6A2F11249F5750409AF086
:10888000F1F088234AF0EE0FFF1FBB1F661F771F12
:10889000881F91505040A9F79E3F510580F00C94DD
:1088A00066440C94B1445F3FE4F3983ED4F386955C
:1088B00077956795B795F795E7959F5FC1F7FE2B7D
:1088C000880F911D9695879597F9089597F99F6759
:1088D00080E870E060E008959FEF80EC0895002448
:1088E0000A941616170618060906089500240A9415
:1088F00012161306140605060895092E0394000C9B
:1089000011F4882352F0BB0F40F4BF2B11F460FF29
:1089100004C06F5F7F4F8F4F9F4F089557FD905852
:10892000440F551F59F05F3F71F04795880F97FB33
:10893000991F61F09F3F79F08795089512161306ED
:108940001406551FF2CF4695F1DF08C0161617061C
:108950001806991FF1CF8695710561050894089551
:10896000E894BB2766277727CB0197F90895F999F3
:10897000FECF92BD81BDF89A992780B50895262F24
:10898000F999FECF1FBA92BD81BD20BD0FB6F894F4
:10899000FA9AF99A0FBE01960895A1E21A2EAA1B1F
:1089A000BB1BFD010DC0AA1FBB1FEE1FFF1FA2179F
:1089B000B307E407F50720F0A21BB30BE40BF50B9C
:1089C000661F771F881F991F1A9469F76095709525
:1089D000809590959B01AC01BD01CF010895052EB6
:1089E00097FB1EF400940E94064557FD07D00E9495
:1089F000CD4407FC03D04EF40C94064550954095A9
:108A0000309521953F4F4F4F5F4F0895909580953A
:108A1000709561957F4F8F4F9F4F08950E9421451C
:108A2000A59F900DB49F900DA49F800D911D1124C2
:108A30000895B7FF0C940E450E940E45821B930BC0
:108A40000895A29FB001B39FC001A39F700D811D27
:108A50001124911DB29F700D811D1124911D089547
:108A60005058BB27AA270E9448450C947D440E9479
:108A70006F4438F00E94764420F039F49F3F19F497
:108A800026F40C946C440EF4E095E7FB0C946644D9
:108A9000E92F0E948E4458F3BA17620773078407C0
:108AA000950720F079F4A6F50C94B0440EF4E09507
:108AB0000B2EBA2FA02D0B01B90190010C01CA0198
:108AC000A0011124FF27591B99F0593F50F4503E43
:108AD00068F11A16F040A22F232F342F4427585F35
:108AE000F3CF469537952795A795F0405395C9F74D
:108AF0007EF41F16BA0B620B730B840BBAF0915005
:108B0000A1F0FF0FBB1F661F771F881FC2F70EC0A3
:108B1000BA0F621F731F841F48F487957795679576
:108B2000B795F7959E3F08F0B0CF9395880F08F062
:108B30009927EE0F9795879508950E94B1450C945B
:108B40007D440E94764458F00E946F4440F029F41E
:108B50005F3F29F00C94664451110C94B1440C947D
:108B60006C440E948E4468F39923B1F3552391F32A
:108B7000951B550BBB27AA2762177307840738F08C
:108B80009F5F5F4F220F331F441FAA1FA9F335D0E9
:108B90000E2E3AF0E0E832D091505040E695001C9D
:108BA000CAF72BD0FE2F29D0660F771F881FBB1F57
:108BB000261737074807AB07B0E809F0BB0B802D35
:108BC000BF01FF2793585F4F3AF09E3F510578F061
:108BD0000C9466440C94B1445F3FE4F3983ED4F3A4
:108BE000869577956795B795F7959F5FC9F7880F35
:108BF000911D9695879597F90895E1E0660F771F87
:108C0000881FBB1F621773078407BA0720F0621B17
:108C1000730B840BBA0BEE1F88F7E0950895BEE343
:108C200004D008F490E80895BFE322273327A90170
:108C30000E94964460F19F5748F1B91740F1BFE395
:108C4000B91B9927B8503AF4660F771F881F991FF0
:108C5000B395D2F316C0B8504AF0232F342F452FC6
:108C6000562F672F782F8827B850BAF7B85F49F08A
:108C70008695779567955795479537952795BA9532
:108C8000B9F716F40E94C54688940895889460E068
:108C900070E0CB0108950E9452466894B1110C9483
:108CA000B14408950E94964488F09F5798F0B92FD8
:108CB0009927B751B0F0E1F0660F771F881F991F11
:108CC0001AF0BA95C9F714C0B13091F00E94B044BF
:108CD000B1E008950C94B044672F782F8827B85FCF
:108CE00039F0B93FCCF3869577956795B395D9F769
:108CF0003EF490958095709561957F4F8F4F9F4F73
:108D0000089597FB16F40E94C5460C948846E89493
:108D1000F92F96EBFF2381F0121613061406440B6D
:108D20009395F69587957795679557954040FF23DE
:108D3000B9F71BC099270895882351F49850D2F7AA
:108D4000872B762F652F542F432F322F20E0B1F33E
:108D5000121613061406440B88233AF09A95440F12
:108D6000551F661F771F881FCAF755234AF4440F03
:108D7000551F11F460FF04C06F5F7F4F8F4F9F4FEF
:108D8000880F9695879597F9089590958095709599
:108D9000609550954095309521953F4F4F4F5F4FCF
:108DA0006F4F7F4F8F4F9F4F08950E94D54308F418
:108DB0008FEF0895FA01EE0FFF1F30962105310560
:108DC000A1F16115710561F48038BFE39B0749F19A
:108DD00068949038810561F08038BFEF9B0741F0BF
:108DE00099234AF5FF3FE1053105210519F1E89482
:108DF0000894E795D901AA2329F4AB2FBE2FF85F79
:108E0000D0F310C0FF5F70F4A695E0F7F73950F08B
:108E100019F0FF3A38F49F779F930DD00F9007FC1D
:108E20009058089546F00C946C4460E070E080E83F
:108E30009FE308954FE79F775F934F933F932F935F
:108E40000E9426482F913F914F915F910E94F943D4
:108E50000C9442470E94C44730F09F3710F40C94A2
:108E6000B1440C9474470C948F470E94D543880BEF
:108E7000990B089529F416F00C9466440C94B044B0
:108E80000C946C440E949644A8F39638A0F707F817
:108E90000F92E8942BE33AEA48EB5FE70E940F4415
:108EA0000F920F920F924DB75EB70F920E946E48CD
:108EB000E4EEF0E00E949D474F915F91EF91FF91AA
:108EC000E595EE1FFF1F49F0FE57E0684427EE0FBF
:108ED000441FFA95E1F74195550B0E94E8470F9022
:108EE00007FE0C94DC470895882371F4772321F062
:108EF0009850872B762F07C0662311F499270DC051
:108F00009051862B70E060E02AF09A95660F771FEB
:108F1000881FDAF7880F9695879597F908959F3FF0
:108F200031F0915020F4879577956795B795880F24
:108F3000911D9695879597F90895DF93CF931F9389
:108F40000F93FF92EF92DF927B018C01689406C031
:108F5000DA2EEF010E940C44FE01E894A5912591C0
:108F6000359145915591A6F3EF010E944845FE01C8
:108F70009701A801DA9469F7DF90EF90FF900F91C5
:108F80001F91CF91DF9108950E949644A0F0BEE713
:108F9000B91788F4BB279F3860F41616B11D672FE8
:108FA000782F8827985FF7CF869577956795B11DBD
:108FB00093959639C8F308959B01AC0160E070E089
:108FC00080E89FE30C949D450C9466440C948F4775
:108FD0000E949644D8F39923C9F3940F511DA3F32B
:108FE0009150504094F059F0882332F0660F771F6B
:108FF000881F91505040C1F79E3F51052CF7880FB4
:10900000911D9695879597F908955F3FACF0983E2E
:109010009CF0BB27869577956795B79508F4B16066
:109020009395C1F7BB0F58F711F460FFE8CF6F5F5E
:109030007F4F8F4F9F4FE3CF0C94B14416F00C94A9
:109040008F470C946C4468940C9466440E94964438
:10905000A8F39923C1F3AEF3DF93CF931F930F933C
:10906000FF92C92FDD2788232AF02197660F771FEB
:10907000881FDAF720E030E040E85FEB9FE38839B3
:1090800020F0803E38F021968F770E943145ECE049
:10909000F1E004C00E943145E9E3F1E00E949D4700
:1090A0008B01BE01EC01FB2E6F5771097595771F7F
:1090B000880B990B0E949A4328E132E741E35FE372
:1090C0000E940C44AF2D9801AE01FF900F911F91AB
:1090D000CF91DF910E9448450C947D44FA01DC0158
:1090E000AA0FBB1F9B01AC01BF5728F422273327CF
:1090F0004427507820C0B75190F4AB2F00244695F8
:1091000037952795011CA395D2F3002071F0220F0B
:10911000331F441FB395DAF30ED00C943045613001
:109120007105A0E88A07B94630F49B01AC016627B7
:10913000772788279078309621F0208331834283E7
:1091400053830895EE0FFF1F881F8BBF0790F69182
:10915000E02D19940E942145B7FF0895821B930BBF
:109160000895DF93CF931F930F939A9DF02D219F26
:10917000F00D8B9DF00D8A9DE02DF10D039FF00DFC
:10918000029FE00DF11D4E9DE00DF11D5E9DF00D65
:109190004F9DF00D7F936F93BF92AF925F934F936C
:1091A000D5010E9421458B01AC01D7010E942145C8
:1091B000EB01E80FF91FD6010E9400492F913F9162
:1091C000D6010E942145C60FD71FE81FF91FAF9196
:1091D000BF910E9400492F913F910E942145C60FE7
:1091E000D71FE81FF91FD6010E942145E60FF71F80
:1091F0009801BE01CF010F911F91CF91DF9108958A
:109200000E942145460F571FC81FD91F08F43196E9
:109210000895689401C0E894F92FF12B12F00C9492
:109220003D49A0E0B0E0E7E1F9E40C94AF49092E34
:10923000059422F40E949949112392F4F0E80F2634
:10924000FFEFE094F09400951095B094C094D09402
:10925000A194BF0ACF0ADF0AEF0AFF0A0F0B1F0B08
:109260000E94484907FC0E949949CDB7DEB7ECE05F
:109270000C94CB49689401C0E8948F929F92CF934D
:10928000DF930E944849DF91CF919F908F9008957E
:1092900088249924F401E401B0E49F93AA279A1545
:1092A0008B049C04ED05FE05CF05D007A10798F4BB
:1092B000AD2FDC2FCF2FFE2FE92D982C892E982F44
:1092C000872F762F652F542F432F322F2227B85008
:1092D00031F7BF9127C01B2EBF91BB27220F331F31
:1092E000441F551F661F771F881F991F881C991CD4
:1092F000EE1FFF1FCC1FDD1FAA1FBB1F8A149B047C
:10930000EC05FD05CE05DF05A007B10748F08A187A
:109310009B08EC09FD09CE09DF09A00BB10B216008
:109320001A94E1F62EF49401AF01BE01CD01000CB8
:1093300008956095709580959095309540955095DD
:1093400021953F4F4F4F5F4F6F4F7F4F8F4F9F4F35
:1093500008952F923F924F925F926F927F928F92D9
:109360009F92AF92BF92CF92DF92EF92FF920F93B4
:109370001F93CF93DF93CDB7DEB7CA1BDB0B0FB6BE
:10938000F894DEBF0FBECDBF19942A88398848886B
:109390005F846E847D848C849B84AA84B984C88411
:1093A000DF80EE80FD800C811B81AA81B981CE0F08
:1093B000D11D0FB6F894DEBF0FBECDBFED010895ED
:1093C000002E083090F0982F872F762F652F542F7E
:1093D000432F322F22270850F4CF220F331F441F70
:1093E000551F661F771F881F991F0A95B2F7002D1A
:1093F000089597FD1094002E083098F00850232F00
:10940000342F452F562F672F782F892F912DF4CF8A
:1094100015949795879577956795579547953795BF
:1094200027950A95AAF71124002D08952A0D3B1DB2
:109430004C1D5D1D6E1D7F1D801F911F08950F9394
:109440001F93CF93DF938230910510F482E090E078
:10945000E091D707F091D80730E020E0B0E0A0E03D
:10946000309799F42115310509F44AC0281B390BAE
:1094700024303105D8F58A819B816115710589F108
:10948000FB0193838283FE0111C0408151810281DF
:10949000138148175907E0F04817590799F41097B6
:1094A00061F012960C93129713961C933296CF018B
:1094B000DF91CF911F910F9108950093D7071093DB
:1094C000D807F4CF2115310551F04217530738F072
:1094D000A901DB019A01BD01DF01F801C1CFEF0154
:1094E000F9CF9093D8078093D707CDCFFE01E20F35
:1094F000F31F819391932250310939832883D7CF69
:109500002091D5073091D607232B41F42091B70243
:109510003091B8023093D6072093D5072091B50239
:109520003091B6022115310541F42DB73EB7409177
:10953000B9025091BA02241B350BE091D507F09186
:10954000D607E217F307A0F42E1B3F0B28173907A5
:1095500078F0AC014E5F5F4F2417350748F04E0F8F
:109560005F1F5093D6074093D507819391939FCF68
:10957000F0E0E0E09CCFCF93DF930097E9F0FC01AF
:10958000329713821282A091D707B091D807ED01CC
:1095900030E020E01097A1F420813181820F931FE9
:1095A0002091D5073091D6072817390709F061C0F7
:1095B000F093D607E093D507DF91CF910895EA01A4
:1095C000CE17DF07E8F54A815B819E014115510501
:1095D000B1F7E901FB83EA8349915991C40FD51F83
:1095E000EC17FD0761F4808191810296840F951F2D
:1095F000E90199838883828193819B838A83F0E048
:10960000E0E012968D919C9113970097B9F52D91FA
:109610003C911197CD010296820F931F2091D5079F
:109620003091D6072817390739F6309751F510923F
:10963000D8071092D707B093D607A093D507BCCF11
:10964000D383C28340815181840F951FC817D907E6
:1096500061F44E5F5F4F88819981480F591F518394
:1096600040838A819B81938382832115310509F090
:10967000B0CFF093D807E093D7079ECFFD01DC0170
:10968000C0CF13821282D7CF4F925F926F927F9298
:109690008F929F92AF92BF92CF92DF92EF92FF9202
:1096A0000F931F93CF93DF938C01009799F4CB0115
:1096B000DF91CF911F910F91FF90EF90DF90CF90AE
:1096C000BF90AF909F908F907F906F905F904F90E2
:1096D0000C941F4AFC01E60FF71F9C012250310930
:1096E000E217F30708F4AEC0D901CD91DC911197D0
:1096F000C617D70720F1C530D10578F0CE01049701
:109700008617970750F0C61BD70B2297C193D193AA
:109710006D937C93CF010E94BB4AC801DF91CF912A
:109720001F910F91FF90EF90DF90CF90BF90AF907F
:109730009F908F907F906F905F904F9008955B0106
:10974000AC1ABD0A4C018C0E9D1EA091D707B0919A
:10975000D807512C412CF12CE12C109731F5809138
:10976000D5079091D6078815990509F05CC0461673
:10977000570608F058C08091B5029091B602009744
:1097800041F48DB79EB74091B9025091BA02841B43
:10979000950BE817F90708F055C0F093D607E0934A
:1097A000D507F90171836083B8CF8D919C91119792
:1097B00012966C90129713967C901397A815B90582
:1097C00059F56C0142E0C40ED11CCA14DB0420F12F
:1097D000AC014A195B09DA011296159780F0628292
:1097E000738251834083D9016D937C93E114F1041A
:1097F00071F0D7011396FC93EE9312978ECF2296B9
:109800008C0F9D1FF90191838083F301EFCFF093BB
:10981000D807E093D70781CF4816590608F42C01E2
:109820007D01D3019ACFCB010E941F4A7C01009792
:1098300049F0AE01B8010E942A4CC8010E94BB4AFF
:1098400087016BCF10E000E068CF81E090E0F894F2
:109850000C94854FFB01DC0102C001900D92415038
:109860005040D8F70895DC0101C06D93415050403D
:10987000E0F70895FB01DC0101900D920020E1F773
:109880000895CF93DF93CDB7DEB72E970FB6F89438
:10989000DEBF0FBECDBF85E08C838C899D899A8306
:1098A0008983AE01485E5F4F6E897F89CE01019644
:1098B0000E940D4E2E960FB6F894DEBF0FBECDBFA0
:1098C000DF91CF91089520FD09C0FC0123FD05C063
:1098D00022FF02C07383628351834083089544FD55
:1098E00017C046FD1DC0DB01FC01AA0FBB1FEE1F08
:1098F000FF1F1094D1F76A0F7B1F8E1F9F1F660FEB
:10990000771F881F991F620F711D811D911D08957A
:1099100033E0660F771F881F991F3150D1F7F3CFBF
:1099200034E0F7CF0F931F93CF93DF938C01C801DF
:109930000E94314FEC0197FD08C00E94D040892B56
:10994000B1F7B801CE010E946D4FCE01DF91CF91EA
:109950001F910F9108958F929F92AF92BF92EF92B5
:10996000FF920F931F93CF93DF938C01D62F7A0131
:10997000B22E0E94314F9C0133272B32310529F042
:109980002D323105A9F46894B7F8D15061F480E024
:10999000DF91CF911F910F91FF90EF90BF90AF900B
:1099A0009F908F900895C8010E94314F97FDEFCF8F
:1099B000CB2DCD7F2B2D2073F9F48033E9F4AA242D
:1099C000AA94AD0E89F0C8010E94314F97FD0CC0DA
:1099D000282F2F7D283561F4C264D25029F0C801A8
:1099E0000E94314F97FF08C0812C912C54011BC05D
:1099F000B6FE2BC0C260DA2D812C912C540120EDD3
:109A0000280F283028F1C4FD09C02A3008F1C6FF0C
:109A100005C02F7D3FEE320F3630C8F0B8010E94EE
:109A20006D4FC1FFB4CFC7FF08C0B094A09490940D
:109A30008094811C911CA11CB11C2C2FB501A40188
:109A4000C7010E94634C81E0A3CFC261D4CF2750ED
:109A50004C2FC501B4010E946F4C4B015C01C260E8
:109A6000D15009F3C8010E94314F97FFC8CFD9CF19
:109A70007F928F929F92AF92BF92CF92DF92EF929E
:109A8000FF920F931F93CF93DF93CDB7DEB7A097CD
:109A90000FB6F894DEBF0FBECDBF5C01962E7A01E3
:109AA000CE0101966C0180E2F60111928A95E9F7E8
:109AB000F501B381890130E020E0712C812CA0E018
:109AC00041E050E0F801B3FD8591B3FF8191982FFB
:109AD0008F01811117C010E000E0C801A0960FB6F9
:109AE000F894DEBF0FBECDBFDF91CF911F910F91D4
:109AF000FF90EF90DF90CF90BF90AF909F908F90AE
:109B00007F9008958E3519F42115310541F1A21782
:109B100013064CF48D3549F18D3229F4811006C0BD
:109B2000882483941DC0882009F464C0E92FE69539
:109B3000E695E695EC0DFD2DF11D892F8770BA0194
:109B400001C0660F8A95EAF78081682B60837916D9
:109B500051F0971510F49F5FE9CF9150E7CFA1E046
:109B60002F5F3F4FAFCF812CFBCF882019F08E8124
:109B700080628E83AA2359F0F6019E012F5D3F4F2C
:109B80008081809580833196E217F307C9F7882496
:109B90008394C5010E94314F97FD16C0E82FE695CA
:109BA000E695E695EC0DFD2DF11D208130E0AC0130
:109BB0004770552702C0359527954A95E2F720FD55
:109BC00006C0B5010E946D4F882069F084CFE11472
:109BD000F10429F0F7018083C70101967C019A9472
:109BE000812C9110D6CFE114F10409F476CFF7015E
:109BF000108273CFE82FE695E695E695EC0DFD2DE6
:109C0000F11D982F9770BA0101C0660F9A95EAF777
:109C10009081692B6083782EA3CF5F926F927F92A1
:109C20008F929F92AF92BF92CF92DF92EF92FF926C
:109C30000F931F93CF93DF936C01EB015A01FC014B
:109C400017821682512CF601E380FE01E3FC859118
:109C5000E3FE8191182FEF018823E9F090E00E9444
:109C6000D040892B21F0C6010E94924CECCF1532D6
:109C700041F4FE01E3FC1591E3FE1191EF01153271
:109C800069F4C6010E94314F97FD8EC01817D9F2B2
:109C9000B6010E946D4F852D90E08AC000E01A3217
:109CA00031F4E3FC1591E3FE1191EF0101E0F12C99
:109CB00020ED210F2A3048F101FF37C0FF2059F372
:109CC0001836B1F11C3609F43DC0112321F3612F80
:109CD00070E08CE993E00E94264F892BE1F2912CF1
:109CE000812C00FD06C0F50180809180C50102969F
:109CF0005C011E3679F5F6014681578170E060E01F
:109D0000202FC4010E94634C9ECF02606F2D70E033
:109D100090E080E040E20E946F4CF62EFE01E3FCF2
:109D20001591E3FE1191EF01C3CFFF24FA94C8CF40
:109D3000FE01E3FC1591E3FE1191EF01183609F0E5
:109D4000C4CF08600460FE01E3FC1591E3FE1191AD
:109D5000EF01BBCF1336C1F401FD02C0FF24F39421
:109D6000C6010E94314F97FD1FC08114910429F054
:109D7000F4018083C40101964C01FA94F110F0CFF4
:109D800000FD61CF53945FCF1B3511F59E01A401F7
:109D90006F2DC6010E94384DEC01892B89F7F60121
:109DA0008381807309F477CF8FEF9FEF511073CFCA
:109DB000DF91CF911F910F91FF90EF90DF90CF90A7
:109DC000BF90AF909F908F907F906F905F9008951D
:109DD000C6010E94924C97FDE7CF1F36A9F130F4DF
:109DE000143641F0193639F0006405C01337B9F064
:109DF0001537D1F70062202FA4016F2DC6010E94F4
:109E0000AB4C8111BDCFCBCF8114910429F0F4016B
:109E10006082C40101964C01FA94FF2071F0C601E2
:109E20000E94314F3C0197FD08C00E94D040892B11
:109E300059F3B601C3010E946D4F8114910409F4D6
:109E40009FCFF40110829CCF0061D5CFFC0105901B
:109E5000061621F00020D9F7C00108953197CF01EF
:109E60000895CF93DF93EC012B8120FF1AC026FFCA
:109E70000CC02F7B2B838E819F8101969F838E83C5
:109E80008A8190E0DF91CF91089522FF18C0E88188
:109E9000F9818081082E000C990B009729F420622B
:109EA0002B838FEF9FEFEECF3196F983E8832E81DE
:109EB0003F812F5F3F4F3F832E839927E3CFEA8572
:109EC000FB85199597FFF3CF2B81019621F080E256
:109ED000822B8B83E6CF80E1FBCFFB01238120FF28
:109EE00011C026FD0FC08F3F980771F082832F7D30
:109EF00020642383268137812150310937832683CB
:109F0000992708958FEF9FEF089519E0CAE3D9E0EC
:109F100000E006C0802FFE010E94A2482196011D8C
:109F2000CB33D10780E00807A9F7F894FFCF0119D8
:109F3000D3020000000000000000000000DD02006D
:109F400000000000000000000000E7020000000028
:109F500000000000000000F102000000000000000E
:109F600000000000FB0200000000000000000000F4
:109F700000050300000000000000000000000F03C7
:109F800000000000000000000000000119030000B4
:109F9000000000000000000000230300000000009B
:109FA0000000000000002D03000000000000000081
:109FB000000000404B4C0080969800002D3101407D
:109FC000787D01005A620280F0FA0200E1F5054056
:109FD000597307FE0AFE0AFE0AFE0AFE0AFE0AFE80
:109FE0000AFE0A0000D90780000101010A000100F1
:109FF0000A008001000180010A0105212000000003
:10A0000000681968195E190000000068196819F4E1
:10A010002400000000631BD01A3F1A0000000065F6
:10A020001BD21A3F1A00000000671BD41A3F1A0007
:10A03000000000691BD61A3F1A00000000CE1A610A
:10A040001B3F1A00000000EE1A5B1A3F1A000000C6
:10A0500000141B811A3F1A00000000571BC41A3F4E
:10A060001A00000000CE0B380B650B1B0C960B740E
:10A070000B880B00000000EC0DBF0D62179509B8AE
:10A080000DA50D960D000000003D11380B6217FD67
:10A090000AAF169509E213BA13D613CA135C1495C6
:10A0A00009030F7D201F1668160313E6126E120FA8
:10A0B00012000000006B2523253F1A000000003825
:10A0C0001BA51A3F1A6E616E00696E66006F766698
:10A0D000000D0A0053455455500053415645440065
:10A0E0004E3D003030004578745443584F2F4F4355
:10A0F000584F004578742E204F534300546F6F2003
:10A100004849474820467265712E203E200020476E
:10A11000487A00546F6F204C4F5720467265712E5D
:10A12000203C2000206B487A004F4E4C590055735C
:10A1300065204F6E6C792031325620444320506F99
:10A1400077657220537570706C7921005741524EBB
:10A15000494E472121210053797374656D004F7674
:10A16000657268656174696E67002563256C6400BB
:10A170004672657175656E6379206973204F555419
:10A18000204F462052414E4745202800202D2000D8
:10A190002900506F776572206973204F5554204F06
:0EA1A000462052414E474520282D004F4E00CC
:020000040003F7
:10E000000D9489F10D94B2F10D94B2F10D94B2F129
:10E010000D94B2F10D94B2F10D94B2F10D94B2F1F0
:10E020000D94B2F10D94B2F10D94B2F10D94B2F1E0
:10E030000D94B2F10D94B2F10D94B2F10D94B2F1D0
:10E040000D94B2F10D94B2F10D94B2F10D94B2F1C0
:10E050000D94B2F10D94B2F10D94B2F10D94B2F1B0
:10E060000D94B2F10D94B2F10D94B2F10D94B2F1A0
:10E070000D94B2F10D94B2F10D94B2F10D94B2F190
:10E080000D94B2F10D94B2F10D94B2F10D94B2F180
:10E090000D94B2F10D94B2F10D94B2F10D94B2F170
:10E0A0000D94B2F10D94B2F10D94B2F10D94B2F160
:10E0B0000D94B2F10D94B2F10D94B2F10D94B2F150
:10E0C0000D94B2F10D94B2F10D94B2F10D94B2F140
:10E0D0000D94B2F10D94B2F10D94B2F10D94B2F130
:10E0E0000D94B2F141546D656761323536300041AF
:10E0F000726475696E6F206578706C6F72657220DE
:10E1000073746B3530305632206279204D4C530099
:10E11000426F6F746C6F616465723E004875683F52
:10E1200000436F6D70696C6564206F6E203D200048
:10E130004350552054797065202020203D20005FF9
:10E140005F4156525F415243485F5F3D2000415658
:10E1500052204C696243205665723D20004743437C
:10E160002056657273696F6E203D20004350552024
:10E1700049442020202020203D20004C6F7720663D
:10E18000757365202020203D20004869676820665F
:10E190007573652020203D200045787420667573D6
:10E1A00065202020203D20004C6F636B2066757336
:10E1B000652020203D20004D617220203720323024
:10E1C000313300312E362E3800342E332E350056A2
:10E1D00023202020414444522020206F7020636F70
:10E1E00064652020202020696E73747275637469E1
:10E1F0006F6E2061646472202020496E74657272B3
:10E20000757074006E6F20766563746F7200726A49
:10E210006D702020006A6D70200057686174207056
:10E220006F72743A00506F7274206E6F7420737541
:10E2300070706F72746564004D7573742062652030
:10E2400061206C6574746572002000577269747483
:10E25000696E672045450052656164696E672045B7
:10E26000450045452065727220636E743D00504F35
:10E27000525400303D5A65726F2061646472003FF1
:10E280003D43505520737461747300403D454550C3
:10E29000524F4D207465737400423D426C696E6B41
:10E2A000204C454400453D44756D70204545505215
:10E2B0004F4D00463D44756D7020464C415348001B
:10E2C000483D48656C70004C3D4C69737420492F83
:10E2D0004F20506F72747300513D51756974005234
:10E2E0003D44756D702052414D00563D73686F7707
:10E2F00020696E7465727275707420566563746FF0
:10E30000727300593D506F727420626C696E6B00BD
:10E310002A0011241FBECFEFD1E2DEBFCDBF01E046
:10E320000CBF12E0A0E0B2E0EEE1FDEF03E00BBFB6
:10E3300002C007900D92A030B107D9F712E0A0E01B
:10E34000B2E001C01D92AE30B107E1F70F9460F367
:10E350000D948DFE01E20EBF0FEF0DBF11241FBE05
:10E360000D9460F30D9400F020E030E040ED57E0B4
:10E3700005C0FA013197F1F72F5F3F4F2817390792
:10E38000C0F308959C01260F311DC901A0E0B0E043
:10E390002F5F3F4FABBFFC018791882361F08093D3
:10E3A000C6008091C00086FFFCCF8091C0008064D1
:10E3B0008093C000EACF08958DE08093C6008091DD
:10E3C000C00086FFFCCF8091C00080648093C000B5
:10E3D0008AE08093C6008091C00086FFFCCF8091C8
:10E3E000C00080648093C00008950F94C2F10F9420
:10E3F000DCF10895FC019081992359F09093C600B7
:10E400008091C00086FFFCCF8091C0008064809323
:10E41000C0003196992379F70895282F982F929567
:10E420009F70892F805D8A3308F0895F8093C600D2
:10E430008091C00086FFFCCF8091C00080648093F3
:10E44000C000822F8F70982F905D9A3308F0995FEB
:10E450009093C6008091C00086FFFCCF8091C000E1
:10E4600080648093C00008959C01FB01853691056E
:10E470001CF46330710594F0C90164E670E00F94F8
:10E480002EFE605D7F4F6093C6008091C00086FFC6
:10E49000FCCF8091C00080648093C0002B30310598
:10E4A00014F43297B4F0C90164E670E00F942EFEC4
:10E4B0006AE070E00F942EFE605D7F4F6093C600AF
:10E4C0008091C00086FFFCCF8091C0008064809363
:10E4D000C000C9016AE070E00F942EFEC0968093E0
:10E4E000C6008091C00086FFFCCF8091C000806490
:10E4F0008093C00008951F93182F8EE692EE60E07F
:10E500000F94C2F11093C6008091C00086FFFCCF2B
:10E510008091C00080648093C0000F94DCF11F9153
:10E5200008952F923F924F925F926F927F928F92B7
:10E530009F92AF92BF92CF92DF92EF92FF920F9392
:10E540001F93DF93CF93CDB7DEB762970FB6F894E2
:10E55000DEBF0FBECDBF382E622ECA01DB015C01CB
:10E560006D01772420E2222E2E010894411C511CBB
:10E570008BC081E0A81680E0B80681E0C80680E084
:10E58000D80628F0C601AA27BB270F940DF2BB2797
:10E59000AD2D9C2D8B2D0F940DF28A2D0F940DF225
:10E5A0002092C6008091C00086FFFCCF8091C00001
:10E5B00080648093C0009DE29093C6008091C0006B
:10E5C00086FFFCCF8091C00080648093C0002092C1
:10E5D000C6008091C00086FFFCCF8091C00080649F
:10E5E0008093C00019828601750188249924A1E0D6
:10E5F0003A1651F03A1620F0B2E03B1661F409C029
:10E600000BBFF701779007C0C7010F9477FE782EF4
:10E6100002C0F7017080872D0F940DF22092C60082
:10E620008091C00086FFFCCF8091C0008064809301
:10E63000C000872D8052F401EF70F0708F3520F408
:10E64000E40DF51D708204C0E40DF51D8EE280839B
:10E650000894E11CF11C011D111D0894811C911CE2
:10E6600090E18916910409F0C2CF80E190E0A0E02A
:10E67000B0E0A80EB91ECA1EDB1E198AC2010F9493
:10E68000FAF10F94DCF16A94662009F072CF629679
:10E690000FB6F894DEBF0FBECDBFCF91DF911F91B3
:10E6A0000F91FF90EF90DF90CF90BF90AF909F9031
:10E6B0008F907F906F905F904F903F902F90089534
:10E6C0002F923F924F925F926F927F928F929F9282
:10E6D000AF92BF92CF92DF92EF92FF920F931F9370
:10E6E000DF93CF93CDB7DEB7CD53D1400FB6F894BB
:10E6F000DEBF0FBECDBF01E20EBF0FEF0DBF94B75F
:10E70000F894A89514BE80916000886180936000A1
:10E7100010926000789493FF05C0E0910002F091A0
:10E7200001021995279A2F9A8091C00082608093E8
:10E73000C00080E18093C40088E18093C1000000A4
:10E74000EE24FF24870144E0A42EB12CCC24DD2448
:10E7500024C0C5010197F1F70894E11CF11C011DCB
:10E76000111D21E2E2162EE4F20620E0020720E06D
:10E77000120718F031E0C32ED12CC801B70127ECE5
:10E780003BE140E050E00F9441FE611571058105C9
:10E79000910519F485B1805885B98091C00087FD35
:10E7A00003C0C114D104A9F2A6014F5F5F4FC25E3E
:10E7B000DE4F59834883CE51D140C25EDE4F8881FF
:10E7C0009981CE51D140019711F00D9410FEC05D9A
:10E7D000DE4F19821882C053D14060E0C15DDE4F28
:10E7E0001882CF52D14088249924C35DDE4F19820C
:10E7F0001882CD52D140C05EDE4F188219821A8233
:10E800001B82C052D140CE5CDE4F188219821A8220
:10E810001B82C253D140EE24FF2487010BBFF701B6
:10E8200007911691C45CDE4F19830883CC53D14005
:10E830000D940BFEC25EDE4F28813981CE51D1404E
:10E840002130310509F52091C600C25EDE4F1982E4
:10E850001882CE51D14022C02F5F3F4F4F4F5F4FA4
:10E86000213082E138078AE7480780E0580780F0C6
:10E87000C45CDE4FE881F981CC53D140EF5FFF4F9C
:10E8800019F0EE27FF27099420E030E040E050E047
:10E890008091C00087FFE0CF2091C600C35DDE4FAE
:10E8A00048815981CD52D1404F5F5F4FC35DDE4FEC
:10E8B00059834883CD52D140213209F063C64A3092
:10E8C000510508F05FC60894811C911C53E0851621
:10E8D000910409F059C600E010E018C081E280936D
:10E8E000C6008091C00086FFFCCF8091C00080648C
:10E8F0008093C0002F5F3F4F2931310579F70F9486
:10E90000DCF10F5F1F4F0530110519F020E030E0FA
:10E91000E5CF10920A0210920B0210920C02109294
:10E920000D02109206021092070210920802109235
:10E930000902109202021092030210920402109235
:10E9400005028FEE90EE60E00F94F5F180E191EE1C
:10E9500060E00F94C2F18091C00087FFFCCF9091DE
:10E96000C600903608F09F759032B8F09093C600BC
:10E970008091C00086FFFCCF8091C00080648093AE
:10E98000C000A0E2A093C6008091C00086FFFCCF2B
:10E990008091C00080648093C000983409F4D7C18E
:10E9A0009934B8F4923409F459C1933458F490333B
:10E9B00019F1903308F4E3C59F33A1F1903409F0C5
:10E9C000DEC5BDC0953409F470C1963409F0D7C5D1
:10E9D00098C1923509F42BC2933538F49C3409F46C
:10E9E000F5C1913509F0CBC518C2963509F445C279
:10E9F000993509F0C4C567C483E792EE62E00F94CD
:10EA0000F5F110920602109207021092080210927D
:10EA1000090210920A0210920B0210920C0210923C
:10EA20000D0213C18FE792EE62E00F94F5F18FEEC5
:10EA300090EE60E00F94F5F181E291EE60E00F94CA
:10EA4000C2F187EB91EE60E00F94F5F180E391EE77
:10EA500060E00F94C2F184EE90EE60E00F94F5F167
:10EA60008FE391EE60E00F94C2F186E090E061E008
:10EA700070E00F9434F20F94DCF18DE591EE60E0DC
:10EA80000F94C2F189EC91EE60E00F94F5F18EE401
:10EA900091EE60E00F94C2F183EC91EE60E00F9490
:10EAA000F5F18CE691EE60E00F94C2F18EE10F94E7
:10EAB0000DF288E90F940DF281E00F940DF20F949E
:10EAC000DCF18BE791EE60E00F94C2F119E0E0E039
:10EAD000F0E010935700E4918E2F0F940DF20F94F5
:10EAE000DCF18AE891EE60E00F94C2F1E3E0F0E03F
:10EAF00010935700E4918E2F0F940DF20F94DCF1D8
:10EB000089E991EE60E00F94C2F1E2E0F0E0109349
:10EB10005700E4918E2F0F940DF20F94DCF188EAE8
:10EB200091EE60E00F94C2F1E1E0F0E01093570045
:10EB30001491812F0F940DF20F94DCF107CF8BE825
:10EB400092EE62E00F94F5F18BE492EE60E00F94A8
:10EB5000F5F10F94DCF100E010E019C0C8016F2D51
:10EB60000F947FFEFF2031F489E492EE60E00F9471
:10EB7000C2F10BC0F092C6008091C00086FFFCCFAE
:10EB80008091C00080648093C0000F5F1F4FC80158
:10EB900081519F41A0E0B0E0ABBFFC01F790BAE229
:10EBA000FB1621F0E2E000301E07C1F60F94DCF105
:10EBB0000F94DCF187E592EE60E00F94F5F10F948D
:10EBC000DCF1CC24DD2400E010E01EC0C8010F946D
:10EBD00077FEF82E882331F489E492EE60E00F94FA
:10EBE000C2F10BC08093C6008091C00086FFFCCFAD
:10EBF0008091C00080648093C000FE1419F00894D6
:10EC0000C11CD11C0F5F1F4FC80181519F41A0E063
:10EC1000B0E0ABBFFC01E790FAE2EF1621F022E092
:10EC20000030120799F60F94DCF10F94DCF182E6C4
:10EC300092EE60E00F94C2F1C60161E070E00F94C3
:10EC400034F20F94DCF10F94DCF110920202109276
:10EC50000302109204021092050278CE89E992EE26
:10EC600062E00F94F5F1279A2F9A16C02F9880E052
:10EC700090E0E0EDF7E03197F1F7019684369105E9
:10EC8000C1F72F9A80E090E0E0EDF7E03197F1F7DF
:10EC9000019684369105C1F78091C00087FFE6CFC9
:10ECA0008091C00087FFFCCF64C485EA92EE62E0E9
:10ECB0000F94F5F140910202509103026091040219
:10ECC0007091050281E020E10F9491F2809102029F
:10ECD00090910302A0910402B091050280509F4FD1
:10ECE000AF4FBF4F8093020290930302A0930402A0
:10ECF000B093050280509041A040B04008F426CE69
:10ED0000A4CF83EB92EE62E00F94F5F140910602FE
:10ED100050910702609108027091090280E020E1A1
:10ED20000F9491F28091060290910702A09108023F
:10ED3000B091090280509F4FAF4FBF4F80930602A2
:10ED400090930702A0930802B0930902FFCD80ECD4
:10ED500092EE62E00F94F5F183E792EE60E00F949B
:10ED6000F5F18FE792EE60E00F94F5F18BE892EE0B
:10ED700060E00F94F5F189E992EE60E00F94F5F10F
:10ED800085EA92EE60E00F94F5F183EB92EE60E09D
:10ED90000F94F5F180EC92EE60E00F94F5F187ECC2
:10EDA00092EE60E00F94F5F188ED92EE60E00F9442
:10EDB000F5F18FED92EE60E00F94F5F18AEE92EEB0
:10EDC00060E00F94F5F183E093EEBDCD87EC92EE19
:10EDD00062E00F94F5F181E40F947BF282E40F94EA
:10EDE0007BF283E40F947BF284E40F947BF285E45E
:10EDF0000F947BF286E40F947BF287E40F947BF20E
:10EE000088E40F947BF28AE40F947BF28BE40F94F6
:10EE10007BF28CE40F947BF299CD88ED92EE62E068
:10EE20000F94F5F1772473948824992409C48FED05
:10EE300092EE62E00F94F5F140910A0250910B02BC
:10EE400060910C0270910D0282E020E10F9491F22A
:10EE500080910A0290910B02A0910C02B0910D02D8
:10EE600080509F4FAF4FBF4F80930A0290930B0289
:10EE7000A0930C02B0930D0269CD8AEE92EE62E08F
:10EE80000F94F5F184EE90EE60E00F94F5F18FECC5
:10EE900091EE60E00F94F5F1662477244301CC5D98
:10EEA000DE4F19821882C452D140D401C301B695F5
:10EEB000A79597958795CA5DDE4F88839983AA8326
:10EEC000BB83C652D140CC5DDE4FA881B981C4520C
:10EED000D1401196CC5DDE4FB983A883C452D14096
:10EEE000CD0162E070E00F9434F2B0E2B093C6005E
:10EEF0008091C00086FFFCCF8091C0008064809329
:10EF0000C000EDE2E093C6008091C00086FFFCCF18
:10EF10008091C00080648093C000F0E2F093C6004E
:10EF20008091C00086FFFCCF8091C00080648093F8
:10EF3000C000CA5DDE4FE880F9800A811B81C6529D
:10EF4000D140BB27A12F902F8F2D0F940DF2CA5DBA
:10EF5000DE4F8881C652D1400F940DF2B0E2FB2EF5
:10EF6000F092C6008091C00086FFFCCF8091C00067
:10EF700080648093C0000DE30093C6008091C000C0
:10EF800086FFFCCF8091C00080648093C00010E2B7
:10EF90001093C6008091C00086FFFCCF8091C00016
:10EFA00080648093C0008BBEF3012791C65DDE4F65
:10EFB0002883CA52D140A22EBB24CC24DD2408943D
:10EFC000611C711C811C911C8BBEF3018791282E42
:10EFD0003324442455240894611C711C811C911C09
:10EFE0008BBEF3013791C55DDE4F3883CB52D140E4
:10EFF0000894611C711C811C911C8BBEF30147910C
:10F00000C45DDE4F4883CC52D140ADEFEA2EAFEF66
:10F01000FA2EAFEF0A2FAFEF1A2F6E0C7F1C801E57
:10F02000911E142D032DF22CEE24EA0CFB1C0C1D5A
:10F030001D1D0F940DF220E22093C6008091C000A8
:10F0400086FFFCCF8091C00080648093C000C65DC5
:10F05000DE4F8881CA52D1400F940DF230E23093D6
:10F06000C6008091C00086FFFCCF8091C000806404
:10F070008093C000C45DDE4F8881CC52D1400F9494
:10F080000DF240E24093C6008091C00086FFFCCFA5
:10F090008091C00080648093C000C55DDE4F888190
:10F0A000CB52D1400F940DF250E25093C6008091A4
:10F0B000C00086FFFCCF8091C00080648093C000B8
:10F0C0008FEFE8168FEFF80680E0080780E018075A
:10F0D00031F484E092EE60E00F94C2F1DFC0D80119
:10F0E000C7018070907CA070B0708050904CA040A0
:10F0F000B040D1F52FEF3FE340E050E0E222F322B1
:10F1000004231523CA5DDE4FA880B980CA80DB8046
:10F11000C652D140AE0CBF1CC01ED11EAA0CBB1CD7
:10F12000CC1CDD1C8EE092EE60E00F94C2F1BB2798
:10F13000A12F902F8F2D0F940DF28E2D0F940DF285
:10F1400030E23093C6008091C00086FFFCCF8091F2
:10F15000C00080648093C0004EE34093C60080915D
:10F16000C00086FFFCCF87C08EE09EEFA0E0B0E03D
:10F17000E822F9220A231B239CE0E91694E9F90608
:10F1800090E0090790E0190709F088C0C45DDE4FE0
:10F19000A881CC52D140EA2EFF2400E010E0102FCD
:10F1A0000F2DFE2CEE24C55DDE4FB881CB52D14031
:10F1B000EB0EF11C011D111DD601C501817090706F
:10F1C000A070B070DC0199278827E80EF91E0A1F8D
:10F1D0001B1F20EF30E040E050E0A222B322C42207
:10F1E000D52241E1AA0CBB1CCC1CDD1C4A95D1F7F1
:10F1F000EA0CFB1C0C1D1D1D81E090E0A0E0B0E0BE
:10F20000282239224A225B2235E1220C331C441C7D
:10F21000551C3A95D1F7E20CF31C041D151D57013E
:10F220006801AA0CBB1CCC1CDD1C85E192EE60E0E1
:10F230000F94C2F1C801AA27BB270F940DF2BB2778
:10F24000A12F902F8F2D0F940DF28E2D0F940DF274
:10F2500090E29093C6008091C00086FFFCCF809121
:10F26000C00080648093C000AEE3A093C60080918C
:10F27000C00086FFFCCF8091C00080648093C000F6
:10F28000C601AA27BB270F940DF2BB27AD2D9C2DDD
:10F290008B2D0F940DF28A2D0F940DF20F94DCF14B
:10F2A000CC5DDE4FE881F981C452D140F99709F471
:10F2B0004DCBF4E0EF2EF12C012D112D6E0C7F1CA7
:10F2C000801E911EF2CD83E093EE62E00F94F5F183
:10F2D0008AE192EE60E00F94C2F18091C00087FF56
:10F2E000FCCF1091C6001F751093C6008091C0001E
:10F2F00086FFFCCF8091C00080648093C0000F9493
:10F30000DCF1812F81548A3108F036C1163409F4BA
:10F3100095C0173490F4133409F44EC0143430F40B
:10F320001134F1F0123409F01DC130C0143409F465
:10F3300059C0153409F016C16BC01A3409F4C4C0A1
:10F340001B3438F4173409F48FC0183409F00AC19B
:10F35000A1C01B3409F4D2C01C3409F003C1E8C0B9
:10F360008FEF81B90DC082B1809582B980E090E0C5
:10F37000E0EDF7E03197F1F70196883C9105C1F790
:10F380008091C00087FFEFCF12B8EFC08FEF84B934
:10F390000DC085B1809585B980E090E0E0EDF7E0A3
:10F3A0003197F1F70196883C9105C1F78091C00033
:10F3B00087FFEFCF15B8D9C08FEF87B90DC088B1DF
:10F3C000809588B980E090E0E0EDF7E03197F1F7C3
:10F3D0000196883C9105C1F78091C00087FFEFCF6F
:10F3E00018B8C3C08FEF8AB90DC08BB180958BB9A7
:10F3F00080E090E0E0EDF7E03197F1F70196883C8E
:10F400009105C1F78091C00087FFEFCF1BB8ADC059
:10F410008FEF8DB90DC08EB180958EB980E090E0F0
:10F42000E0EDF7E03197F1F70196883C9105C1F7DF
:10F430008091C00087FFEFCF1EB897C08FEF80BBD1
:10F440000DC081B3809581BB80E090E0E0EDF7E0F6
:10F450003197F1F70196883C9105C1F78091C00082
:10F4600087FFEFCF11BA81C08FEF83BB0DC084B38C
:10F47000809584BB80E090E0E0EDF7E03197F1F714
:10F480000196883C9105C1F78091C00087FFEFCFBE
:10F4900014BA6BC08FEF809301010FC080910201FD
:10F4A00080958093020180E090E0E0EDF7E03197F5
:10F4B000F1F70196883C9105C1F78091C00087FF64
:10F4C000EDCF1092020151C08FEF809304010FC065
:10F4D0008091050180958093050180E090E0E0ED4A
:10F4E000F7E03197F1F70196883C9105C1F78091DB
:10F4F000C00087FFEDCF1092050137C08FEF8093DA
:10F5000007010FC08091080180958093080180E079
:10F5100090E0E0EDF7E03197F1F70196883C910536
:10F52000C1F78091C00087FFEDCF109208011DC088
:10F530008FEF80930A010FC080910B01809580931B
:10F540000B0180E090E0E0EDF7E03197F1F70196F4
:10F55000883C9105C1F78091C00087FFEDCF1092E4
:10F560000B0103C085E292EEEEC98091C00087FFD7
:10F57000FCCF8091C600EAC988E392EEE4C98CE131
:10F5800091EEE1C988249924933011F1943028F444
:10F59000913089F09230B8F408C0953061F195301F
:10F5A000F0F0963009F048C043C02B3109F042C951
:10F5B00091E06BE13FC96227C15DDE4F2883CF52E6
:10F5C000D14092E037C9B22FA0E0622793E032C960
:10F5D000822F90E0A82BB92B622794E02BC92E3004
:10F5E00009F039C3622795E0C05DDE4F19821882A9
:10F5F000C053D1401FC9E1E0F0E0EC0FFD1FC05D3A
:10F60000DE4F08811981C053D140E00FF11F2083E4
:10F610000F5F1F4FC05DDE4F19830883C053D14079
:10F6200062270A171B0709F005C9D80196E002C92D
:10F63000261709F010C303C0973009F0FBC87724E0
:10F640009981933109F412C19431C8F4963009F4C8
:10F65000D8C0973050F4923009F406C1933009F4C1
:10F660006DC0913009F059C253C0913109F477C08F
:10F67000923108F0BBC0903109F04FC2F5C098310B
:10F6800009F487C0993150F4953109F4EFC09531F0
:10F6900008F4C6C1963109F040C2C2C19A3109F4DA
:10F6A0006CC09A3108F491C09B3109F45BC09D3164
:10F6B00009F033C29D81903359F48F81882311F46E
:10F6C0009EE11CC0813011F091E018C098E916C08D
:10F6D000892F807591F0903539F4E0E0F0E089E011
:10F6E0008093570094910AC0983539F4E3E0F0E034
:10F6F00089E080935700949101C090E01A821B82A8
:10F700008D818C831D829E831F8227E030E009C299
:10F710001A8288E08B8381E48C8386E58D8382E581
:10F720008E8389E48F8383E5888780E589878FE5E9
:10F730008A8782E38B872BE030E0F3C18A818139AD
:10F7400041F0823941F0803911F48FE005C080E04A
:10F7500003C082E001C08AE01A828B8344C0772410
:10F76000739482C08D81882311F48EE12CC0813086
:10F7700011F081E028C088E926C01A82E1E0F0E0BB
:10F7800089E08093570084918B831C8224E030E0D1
:10F79000C8C18B81803589F48C81883039F4E2E0EE
:10F7A000F0E089E08093570084910DC0E0E0F0E044
:10F7B00089E080935700849106C0E3E0F0E089E09F
:10F7C0008093570084911A82DFCF8D81836C99E0FA
:10F7D000E1E0F0E0082E90935700E89507B600FCB2
:10F7E000FDCF1A821B8223E030E09BC180EC8A832C
:10F7F000CE5CDE4F188219821A821B82C253D1401E
:10F800008EC18A8190E0A0E0B0E0582F44273327D2
:10F8100022278B8190E0A0E0B0E0DC0199278827C7
:10F82000282B392B4A2B5B2B8D8190E0A0E0B0E098
:10F83000282B392B4A2B5B2B8C8190E0A0E0B0E089
:10F84000BA2FA92F982F8827282B392B4A2B5B2BCF
:10F85000220F331F441F551FC05EDE4F288339839C
:10F860004A835B83C052D1401A8259C13A81C95C34
:10F87000DE4F3883C753D140CA5CDE4F1882C6536F
:10F88000D1408B81C82EDD24CA5CDE4F488159816E
:10F89000C653D140C42AD52A933109F082C0CE5C28
:10F8A000DE4F88819981AA81BB81C253D1408050AB
:10F8B000904CA340B04030F583E0CE5CDE4FE88052
:10F8C000F9800A811B81C253D140F70100935B008C
:10F8D00080935700E89507B600FCFDCFCE5CDE4F65
:10F8E000088119812A813B81C253D14000501F4FAA
:10F8F0002F4F3F4FCE5CDE4F088319832A833B8313
:10F90000C253D140C05EDE4F488159816A817B81FC
:10F91000C052D140DE011B9631E08C9111962C91A2
:10F9200011971296C75CDE4F2883C953D140C85C3B
:10F93000DE4F1882C853D14090E0C85CDE4FE881AA
:10F94000F981C853D1408E2B9F2B0C01FA01609393
:10F950005B0030935700E89511244E5F5F4F6F4F67
:10F960007F4F0EEFE02E0FEFF02ECE0CDF1CC114F8
:10F97000D10499F685E0C05EDE4F088119812A81A5
:10F980003B81C052D140F80120935B008093570027
:10F99000E89507B600FCFDCF81E180935700E8951C
:10F9A00035C0C05EDE4F88819981AA81BB81C0527B
:10F9B000D140B695A795979587957C018601ABE0D8
:10F9C000AA2EB12CAC0EBD1E0BC0D5016D915D01F0
:10F9D000C7010F947FFE0894E11CF11C01501040F8
:10F9E0000115110591F7A60160E070E0440F551F65
:10F9F000661F771FC05EDE4FE880F9800A811B8199
:10FA0000C052D1404E0D5F1D601F711F1A82C05E33
:10FA1000DE4F488359836A837B83C052D1407FC0C5
:10FA2000FA80C55CDE4FF882CB53D140C65CDE4F16
:10FA30001882CA53D1408B81C82EDD24C65CDE4FAC
:10FA400008811981CA53D140C02AD12A1A828981DA
:10FA5000BE016D5F7F4F843121F59601C05EDE4FA0
:10FA6000E880F9800A811B81C052D1400BBFF701A9
:10FA700087919691DB018C9311969C936E5F7F4FDB
:10FA8000D801C7010296A11DB11DC05EDE4F88835B
:10FA90009983AA83BB83C052D14022503040F1F6F3
:10FAA00036C0C05EDE4F288139814A815B81C052F9
:10FAB000D1400894C108D108760100E010E0089414
:10FAC000C11CD11C0894E11CF11C011D111DE20E8A
:10FAD000F31E041F151F21BDBB27A52F942F832FB5
:10FAE00082BD2F5F3F4F4F4F5F4FF89A80B5DB01CC
:10FAF0008D93BD012E153F054007510761F7C05E8C
:10FB0000DE4F288339834A835B83C052D1409601FC
:10FB10002D5F3F4FFB01108204C080EC8A8322E0FE
:10FB200030E08BE18093C6008091C00086FFFCCF5F
:10FB30008091C00080648093C000C15DDE4FF88179
:10FB4000CF52D140F093C6008091C00086FFFCCF19
:10FB50008091C00080648093C000432F3093C60022
:10FB60008091C00086FFFCCF8091C00080648093AC
:10FB7000C000922F2093C6008091C00086FFFCCF6A
:10FB80008091C00080648093C0008EE08093C600A6
:10FB90008091C00086FFFCCF8091C000806480937C
:10FBA000C00065E1C15DDE4FE880CF52D1406E25D7
:10FBB00069276427FE01319610C090819093C6009A
:10FBC0008091C00086FFFCCF31968091C000806498
:10FBD0008093C0006927215030402115310569F715
:10FBE0006093C6008091C00086FFFCCF8091C0006A
:10FBF00080648093C00085B1805885B9772081F4F6
:10FC0000C15DDE4F0881CF52D1400F5FC15DDE4F35
:10FC10000883CF52D14090E0A0E0B0E00D941AF4F8
:10FC200027982F9880E090E020ED37E0F901319798
:10FC3000F1F7019684369105C9F700008091C00064
:10FC40008D7F8093C00081E180935700E895EE2777
:10FC5000FF270994FFCF90E00D941AF497FB092E2B
:10FC600007260AD077FD04D02ED006D000201AF443
:10FC7000709561957F4F0895F6F7909581959F4F08
:10FC80000895A1E21A2EAA1BBB1BFD010DC0AA1FDD
:10FC9000BB1FEE1FFF1FA217B307E407F50720F0F5
:10FCA000A21BB30BE40BF50B661F771F881F991F70
:10FCB0001A9469F760957095809590959B01AC01B9
:10FCC000BD01CF010895AA1BBB1B51E107C0AA1FAC
:10FCD000BB1FA617B70710F0A61BB70B881F991FED
:10FCE0005A95A9F780959095BC01CD010895F99991
:10FCF000FECF92BD81BDF89A992780B50895262F31
:10FD0000F999FECF1FBA92BD81BD20BD0FB6F89400
:0EFD1000FA9AF99A0FBE01960895F894FFCF63
:00000001FF
